-- --------------------------------------------------------
-- Host:                         127.0.0.1
-- Server version:               11.3.2-MariaDB - mariadb.org binary distribution
-- Server OS:                    Win64
-- HeidiSQL Version:             12.6.0.6765
-- --------------------------------------------------------

/*!40101 SET @OLD_CHARACTER_SET_CLIENT=@@CHARACTER_SET_CLIENT */;
/*!40101 SET NAMES utf8 */;
/*!50503 SET NAMES utf8mb4 */;
/*!40103 SET @OLD_TIME_ZONE=@@TIME_ZONE */;
/*!40103 SET TIME_ZONE='+00:00' */;
/*!40014 SET @OLD_FOREIGN_KEY_CHECKS=@@FOREIGN_KEY_CHECKS, FOREIGN_KEY_CHECKS=0 */;
/*!40101 SET @OLD_SQL_MODE=@@SQL_MODE, SQL_MODE='NO_AUTO_VALUE_ON_ZERO' */;
/*!40111 SET @OLD_SQL_NOTES=@@SQL_NOTES, SQL_NOTES=0 */;


-- Dumping database structure for works
CREATE DATABASE IF NOT EXISTS `works` /*!40100 DEFAULT CHARACTER SET latin1 COLLATE latin1_swedish_ci */;
USE `works`;

-- Dumping structure for table works.address
CREATE TABLE IF NOT EXISTS `address` (
  `id` bigint(20) NOT NULL AUTO_INCREMENT,
  `street` varchar(150) DEFAULT NULL,
  `city` varchar(50) DEFAULT NULL,
  `country` smallint(6) DEFAULT NULL,
  `number` varchar(20) DEFAULT NULL,
  `zipcode` varchar(7) DEFAULT NULL,
  PRIMARY KEY (`id`)
) ENGINE=InnoDB AUTO_INCREMENT=100 DEFAULT CHARSET=latin1 COLLATE=latin1_swedish_ci;

-- Dumping data for table works.address: ~99 rows (approximately)
INSERT INTO `address` (`id`, `street`, `city`, `country`, `number`, `zipcode`) VALUES
	(1, 'Ligia Camp', 'North Marylou', 101, '380', '14765'),
	(2, 'Harold Pike', 'New Leonida', 176, '975', '19864'),
	(3, 'Russel Passage', 'North Juan', 218, '8887', '98888'),
	(4, 'Blair Mission', 'Lake Irinashire', 45, '35662', '00378'),
	(5, 'Lean Villages', 'Maxwellmouth', 11, '272', '59052'),
	(6, 'Yundt Harbor', 'Candicemouth', 182, '670', '65926'),
	(7, 'Veum Junction', 'Florborough', 75, '315', '69709'),
	(8, 'Mikel Garden', 'Considinechester', 194, '50420', '48027'),
	(9, 'Zieme Viaduct', 'Hillmouth', 231, '6763', '77979'),
	(10, 'Hank Common', 'Lake Gwenda', 241, '631', '56558'),
	(11, 'Jeffrey Avenue', 'South Marciaside', 86, '6647', '19904'),
	(12, 'Willa Shore', 'South Antoniomouth', 42, '324', '60101'),
	(13, 'Littel Dam', 'East Evie', 132, '3377', '15498'),
	(14, 'Kemmer Bypass', 'Lake Kenabury', 142, '916', '12635'),
	(15, 'Brendon Route', 'West Geralynton', 129, '6613', '10959'),
	(16, 'Brekke Junction', 'Franville', 174, '945', '04910'),
	(17, 'Jada Plains', 'Hellerchester', 141, '99243', '92903'),
	(18, 'George Stravenue', 'Herzogton', 148, '9420', '42844'),
	(19, 'Ziemann Fords', 'Herzogstad', 64, '8697', '61998'),
	(20, 'Shad Trace', 'South Cornellport', 160, '031', '52022'),
	(21, 'Bergstrom Plain', 'New Davidbury', 121, '193', '55710'),
	(22, 'Angelena Square', 'New Barryshire', 32, '35093', '27062'),
	(23, 'Armstrong Turnpike', 'Janemouth', 32, '44538', '05648'),
	(24, 'Tonette Fields', 'Mohrberg', 160, '5745', '73510'),
	(25, 'Michael Row', 'Lake Iolafort', 65, '551', '69912'),
	(26, 'Deeann Glen', 'West Marie', 199, '817', '37615'),
	(27, 'Block Terrace', 'Gladisfort', 188, '031', '07079'),
	(28, 'Rohan Ridge', 'Port Azucena', 163, '0664', '97140'),
	(29, 'Ivelisse Bypass', 'South Sandeeville', 184, '8125', '63838'),
	(30, 'Quigley Radial', 'Kuphalfurt', 122, '34985', '40485'),
	(31, 'Marks Fall', 'Edenstad', 58, '19322', '73401'),
	(32, 'Selene Port', 'Belvabury', 28, '645', '59338'),
	(33, 'Rodolfo Fields', 'South Leisaberg', 51, '579', '69811'),
	(34, 'Paige Extensions', 'Andersonside', 242, '3193', '16797'),
	(35, 'Johnson Overpass', 'North Shavonborough', 209, '012', '93561'),
	(36, 'Sporer Island', 'Joeyville', 206, '760', '48886'),
	(37, 'Anton Ville', 'North Vida', 2, '13987', '09821'),
	(38, 'Faustino Cove', 'Ondrickachester', 107, '4614', '94559'),
	(39, 'Moshe Heights', 'Macejkovicview', 174, '414', '47959'),
	(40, 'Osinski Trail', 'Creminborough', 133, '25478', '62640'),
	(41, 'Darnell Fords', 'South Rosendomouth', 67, '9898', '23320'),
	(42, 'Mitchell Fall', 'East Melina', 178, '9354', '23732'),
	(43, 'Aufderhar Via', 'Jamefurt', 44, '040', '86702'),
	(44, 'Heathcote Hills', 'Domingofurt', 54, '86805', '00837'),
	(45, 'Cecila Forges', 'Gerlachchester', 15, '0486', '11251'),
	(46, 'Jason Greens', 'Hunterview', 219, '2716', '18448'),
	(47, 'Donn Overpass', 'Kyrafort', 244, '089', '55144'),
	(48, 'Champlin Landing', 'West Gustavoton', 269, '454', '40255'),
	(49, 'Buck Drive', 'New Cassaundraville', 257, '226', '96548'),
	(50, 'Wilbur Overpass', 'West Rosana', 230, '4930', '00907'),
	(51, 'Davis Mount', 'New Nickfurt', 234, '8767', '44334'),
	(52, 'Senger Creek', 'West Felipeside', 116, '66499', '71519'),
	(53, 'Crist Hollow', 'New Jamel', 82, '219', '78960'),
	(54, 'Jacqualine Knoll', 'Granvilleshire', 137, '6999', '56811'),
	(55, 'Herman Wells', 'VonRuedenstad', 244, '155', '18741'),
	(56, 'Freida Shore', 'Lake Asa', 21, '26629', '47889'),
	(57, 'Candance Vista', 'Marquardtshire', 92, '41142', '95726'),
	(58, 'Maggio Vista', 'Edythton', 57, '040', '87595'),
	(59, 'Kiehn Bypass', 'West Sharondaport', 118, '3967', '41947'),
	(60, 'Milda Park', 'Schmittstad', 174, '13479', '77842'),
	(61, 'Boehm Fork', 'West Marishaberg', 261, '676', '59867'),
	(62, 'Wilton Creek', 'Gorczanyside', 169, '8963', '09274'),
	(63, 'Wolf Valley', 'Mosemouth', 205, '972', '01304'),
	(64, 'Mann Pine', 'Konopelskishire', 184, '5348', '23085'),
	(65, 'Crist Crossroad', 'Abshireton', 214, '53186', '94957'),
	(66, 'Darline Ports', 'Streichside', 205, '536', '87161'),
	(67, 'Maxwell Bridge', 'South Willardborough', 259, '225', '58127'),
	(68, 'Boehm River', 'Lake Eugene', 206, '483', '95941'),
	(69, 'Jeremiah Walks', 'Vanesabury', 67, '6671', '28208'),
	(70, 'Lakin Shores', 'Traceyborough', 41, '602', '43170'),
	(71, 'Erik Inlet', 'West Reinaldoside', 241, '2188', '19178'),
	(72, 'Clemente Field', 'Lake Preston', 225, '00102', '63020'),
	(73, 'Zelma Motorway', 'Bernadetteberg', 18, '0471', '09483'),
	(74, 'Allen Knoll', 'Grahamtown', 49, '872', '78695'),
	(75, 'Earline Trace', 'North Edwardohaven', 266, '162', '28605'),
	(76, 'Jarrett Plain', 'Millstown', 221, '3831', '45261'),
	(77, 'Man Mews', 'Janeland', 17, '9771', '62308'),
	(78, 'Roberts Course', 'Ricardaside', 67, '72135', '44940'),
	(79, 'Vaughn Island', 'New Mikaelastad', 113, '0207', '44171'),
	(80, 'Mahalia Glen', 'West Stefan', 56, '04192', '05950'),
	(81, 'Tomeka Throughway', 'Bernardoport', 3, '3001', '58766'),
	(82, 'Kreiger Wells', 'Ivanfurt', 233, '5410', '58852'),
	(83, 'Bins Valleys', 'Lake Perry', 46, '500', '59821'),
	(84, 'Batz Field', 'Lake Richard', 141, '087', '85506'),
	(85, 'Von Valleys', 'Hickleburgh', 43, '9862', '30039'),
	(86, 'Sharice Mill', 'West Jameymouth', 244, '5649', '35293'),
	(87, 'Drew Crest', 'West Roderickmouth', 4, '678', '81165'),
	(88, 'Bergstrom Ways', 'South Carmeliabury', 56, '49195', '37428'),
	(89, 'Buckridge Dam', 'New Eleanorfurt', 60, '8740', '54106'),
	(90, 'Mosciski Passage', 'Lakinborough', 191, '16619', '30680'),
	(91, 'Funk Mount', 'West Hanna', 242, '567', '12231'),
	(92, 'Gerhold Street', 'South Felishaborough', 112, '1623', '32628'),
	(93, 'Dana Falls', 'New Fatima', 103, '08125', '55540'),
	(94, 'Wehner Via', 'West Russell', 134, '7230', '82459'),
	(95, 'Cole River', 'East Wayne', 245, '4092', '28163'),
	(96, 'Kilback Trail', 'North Elmoshire', 245, '961', '40812'),
	(97, 'Tanner Neck', 'New Edmouth', 45, '3991', '53950'),
	(98, 'Metz Avenue', 'South Maren', 109, '3413', '58259'),
	(99, 'Flatley Haven', 'Schadenfort', 216, '227', '80538');
	
	-- Dumping structure for table works.company
CREATE TABLE IF NOT EXISTS `company` (
  `comp_id` bigint(20) NOT NULL AUTO_INCREMENT,
  `about` varchar(2000) DEFAULT NULL,
  `comp_name` varchar(255) NOT NULL,
  `email` varchar(255) NOT NULL,
  `phone` varchar(255) NOT NULL,
  `web_url` varchar(255) DEFAULT NULL,
  `address` bigint(20) NOT NULL,
  PRIMARY KEY (`comp_id`),
  UNIQUE KEY `UKrvp2hunsq4sgmpxe3a7i1ym3m` (`address`),
  CONSTRAINT `FKd5occp4cjwihejbxdbpvkp5tv` FOREIGN KEY (`address`) REFERENCES `address` (`id`)
) ENGINE=InnoDB AUTO_INCREMENT=100 DEFAULT CHARSET=latin1 COLLATE=latin1_swedish_ci;

-- Dumping data for table works.company: ~99 rows (approximately)
INSERT INTO `company` (`comp_id`, `about`, `comp_name`, `email`, `phone`, `web_url`, `address`) VALUES
	(1, 'drive clicks-and-mortar vortals', 'Carroll Inc', 'beckie.smitham@hotmail.com', '(507) 622-2668', 'http://www.shawn-jast.co:57879/impedit/doloremquesoluta?natus=magni&totam=consequatur', 1),
	(2, 'integrate clicks-and-mortar ROI', 'Langworth, Lemke and Runolfsson', 'nina.hoppe@hotmail.com', '(305) 500-5297', 'https://www.jacinto-olson.biz/placeat', 2),
	(3, 'seize e-business paradigms', 'Larson Group', 'shayne.auer@gmail.com', '(505) 644-3184', 'https://www.myrtice-stokes.net/quasi/quosipsam', 3),
	(4, 'implement one-to-one metrics', 'Mitchell, Gerhold and Zemlak', 'lindsey.mohr@yahoo.com', '(681) 892-7486', 'https://www.lonny-lueilwitz.io:17926/quas?dolorem=omnis&velit=non#nam', 4),
	(5, 'maximize out-of-the-box methodologies', 'Kuvalis, Welch and Effertz', 'elza.walsh@gmail.com', '(472) 478-6743', 'https://www.angele-harber.name/?accusamus=quis&voluptatem=rem', 5),
	(6, 'transform virtual methodologies', 'Beatty Group', 'vincent.walker@hotmail.com', '(470) 552-3350', 'http://www.scottie-quigley.name:35278/maxime#repellendus', 6),
	(7, 'envisioneer 24/365 users', 'Cole, Buckridge and Stehr', 'genny.purdy@gmail.com', '(505) 680-0388', 'https://www.diann-lehner.org/provident/suscipit', 7),
	(8, 'deliver plug-and-play architectures', 'Nikolaus and Sons', 'era.damore@hotmail.com', '(305) 206-4144', 'https://www.violet-christiansen.co/culpa/officia?eaque=necessitatibus&aut=facilis', 8),
	(9, 'scale B2C metrics', 'Hermann Group', 'lavonna.friesen@gmail.com', '(730) 628-9700', 'https://www.emmy-powlowski.net:63814/saepe/nostrumvero?dolorum=odit&cupiditate=repellat#consequuntur', 9),
	(10, 'implement world-class deliverables', 'Langworth Inc', 'katy.graham@yahoo.com', '(472) 463-4909', 'https://www.rachelle-morar.co/adipisci#amet', 10),
	(11, 'incentivize magnetic users', 'Hermiston and Sons', 'michal.maggio@gmail.com', '(505) 662-6422', 'http://www.darcy-schuppe.io:63942/', 11),
	(12, 'facilitate compelling platforms', 'Heaney, McGlynn and Koss', 'veronica.kautzer@gmail.com', '(534) 400-0292', 'https://www.ela-veum.io:5441/culpa', 12),
	(13, 'syndicate innovative e-tailers', 'Jakubowski Group', 'tanya.moen@hotmail.com', '(689) 752-4159', 'http://www.beverley-wolf.org/magni/fuga?quod=assumenda&possimus=similique', 13),
	(14, 'optimize customized methodologies', 'Carroll Inc', 'jaime.durgan@gmail.com', '(830) 512-5854', 'https://www.sherlene-gerhold.info:55862/', 14),
	(15, 'visualize innovative architectures', 'Runolfsson LLC', 'otis.steuber@gmail.com', '(505) 652-5294', 'https://www.samual-jaskolski.name:7422/sed/voluptassoluta', 15),
	(16, 'synthesize 24/365 e-markets', 'Schuppe, Konopelski and Metz', 'winford.jacobson@hotmail.com', '(505) 618-8828', 'https://www.tam-romaguera.name/?consectetur=accusamus&officia=hic#modi', 16),
	(17, 'generate seamless users', 'Mohr, Shanahan and Bartoletti', 'luigi.konopelski@hotmail.com', '(305) 273-1768', 'https://www.camille-halvorson.net:39345/necessitatibus/ipsa#accusamus', 17),
	(18, 'e-enable transparent e-markets', 'Kshlerin Group', 'misti.lemke@gmail.com', '(601) 765-5915', 'https://www.bettie-grimes.info:23250/#nesciunt', 18),
	(19, 'transform cross-platform e-business', 'Quigley Inc', 'patrice.lehner@hotmail.com', '(472) 271-9012', 'https://www.glen-harvey.info:25348/#error', 19),
	(20, 'engineer open-source schemas', 'Ryan-Adams', 'stanton.kovacek@gmail.com', '(835) 362-3819', 'https://www.lu-goodwin.co:5161/voluptas/inventoreeos?optio=officiis&voluptas=ea', 20),
	(21, 'syndicate granular interfaces', 'Mante, Bechtelar and Conroy', 'amalia.cruickshank@yahoo.com', '(305) 206-5541', 'https://www.paul-dicki.name:65309/praesentium/tempore?voluptas=iusto&nesciunt=exercitationem', 21),
	(22, 'redefine distributed channels', 'Kunde, Reilly and Zieme', 'keena.gutmann@gmail.com', '(360) 831-4707', 'http://www.buena-dare.io/vel/fugit?dolorem=architecto&ipsam=dolore', 22),
	(23, 'repurpose viral markets', 'Lueilwitz LLC', 'victor.herman@gmail.com', '(305) 208-3820', 'http://www.ellamae-graham.name:50760/neque?vel=eligendi&dicta=harum#hic', 23),
	(24, 'disintermediate enterprise methodologies', 'Zulauf LLC', 'shad.schmeler@gmail.com', '(305) 207-5636', 'http://www.will-leffler.co:30410/mollitia/molestias#quia', 24),
	(25, 'streamline dynamic communities', 'Mueller-Osinski', 'andres.yost@gmail.com', '(983) 237-5682', 'https://www.debi-fay.org:37413/architecto/dolores?magni=vel&cum=ullam', 25),
	(26, 'engineer virtual schemas', 'Hyatt-Beahan', 'tatyana.white@hotmail.com', '(240) 451-3955', 'http://www.claude-little.info:119/architecto?iusto=doloribus&dolor=laudantium#perspiciatis', 26),
	(27, 'syndicate next-generation markets', 'Paucek-Hudson', 'rudolph.keebler@gmail.com', '(279) 359-5716', 'https://www.gaynell-schmitt.com/repudiandae/laudantium?repellendus=illo&aliquid=quasi#error', 27),
	(28, 'deploy cross-platform relationships', 'Smith Inc', 'ramon.hauck@yahoo.com', '(983) 474-0038', 'https://www.faustino-jaskolski.biz/aliquid/voluptatibusab#tenetur', 28),
	(29, 'orchestrate impactful networks', 'Reilly, Mraz and Dickinson', 'thelma.stracke@gmail.com', '(505) 648-0735', 'https://www.dung-breitenberg.info:2456/consequatur/quae?laudantium=quasi&ad=possimus#saepe', 29),
	(30, 'productize B2C initiatives', 'Fadel, Rohan and Harris', 'refugio.schuster@hotmail.com', '(361) 684-8998', 'https://www.lynda-cormier.org:3502/ducimus/tenetur?dignissimos=assumenda&rerum=aut#amet', 30),
	(31, 'whiteboard seamless communities', 'Brakus LLC', 'leon.reilly@hotmail.com', '(730) 243-1764', 'https://www.vanna-bernhard.info/assumenda?eum=ea&ea=deleniti', 31),
	(32, 'implement turn-key functionalities', 'Bogan LLC', 'shery.osinski@hotmail.com', '(730) 215-0999', 'https://www.lissa-kessler.co:33121/', 32),
	(33, 'recontextualize virtual mindshare', 'Lubowitz, Kautzer and Hand', 'corliss.carroll@hotmail.com', '(305) 290-7480', 'http://www.janeth-kemmer.biz/impedit/aperiam?ad=harum&repudiandae=modi#accusamus', 33),
	(34, 'utilize leading-edge portals', 'Konopelski, Goldner and Rogahn', 'oliva.yundt@yahoo.com', '(983) 821-7235', 'http://www.tiara-jacobs.biz/consectetur/excepturi?distinctio=nihil&est=fugit', 34),
	(35, 'synthesize user-centric ROI', 'Rice Inc', 'dori.torphy@yahoo.com', '(730) 219-9524', 'https://www.arleen-kunze.co/consequuntur/minima', 35),
	(36, 'drive open-source solutions', 'Monahan, West and Mueller', 'cole.fadel@gmail.com', '(571) 982-4582', 'https://www.maybelle-becker.com:6094/?officiis=quod&rem=voluptates#hic', 36),
	(37, 'optimize front-end e-markets', 'O\'Connell LLC', 'hosea.mosciski@yahoo.com', '(458) 385-4947', 'http://www.ione-beatty.biz:51901/#in', 37),
	(38, 'deliver turn-key supply-chains', 'Rutherford LLC', 'willian.mueller@hotmail.com', '(505) 978-2858', 'http://www.laurel-abshire.com:19450/expedita/a?aperiam=reprehenderit&nisi=sunt', 38),
	(39, 'benchmark revolutionary e-markets', 'Reichel Inc', 'andrea.weimann@gmail.com', '(425) 224-3784', 'https://www.janiece-murphy.co:35613/fugiat#tempora', 39),
	(40, 'morph turn-key ROI', 'Schumm, Senger and Pollich', 'jamal.hegmann@gmail.com', '(983) 366-5955', 'https://www.lavern-gislason.net/quae/amet#deserunt', 40),
	(41, 'recontextualize bricks-and-clicks web services', 'Rau and Sons', 'randall.cormier@gmail.com', '(472) 463-2247', 'https://www.dorothy-prohaska.biz:50170/?alias=fugiat&distinctio=quam#inventore', 41),
	(42, 'revolutionize compelling architectures', 'McClure, Hill and Hansen', 'sherie.gaylord@yahoo.com', '(609) 705-5180', 'https://www.jacalyn-stark.net/quibusdam/doloresenim?ad=exercitationem&perferendis=facilis', 42),
	(43, 'expedite global networks', 'Johnston-Wilkinson', 'elroy.kuhlman@hotmail.com', '(983) 737-3450', 'https://www.mellie-gislason.net/nam', 43),
	(44, 'target 24/365 models', 'West Inc', 'numbers.denesik@gmail.com', '(718) 949-4118', 'http://www.errol-okuneva.biz:19263/fugit/aliasplaceat?perferendis=enim&velit=magni#repudiandae', 44),
	(45, 'leverage sexy niches', 'Littel, Tromp and Stracke', 'maxie.cummerata@yahoo.com', '(730) 241-6690', 'https://www.emery-metz.name:12029/?nisi=quidem&deserunt=consequuntur#officiis', 45),
	(46, 'leverage interactive infomediaries', 'Wisozk-O\'Conner', 'danial.grady@gmail.com', '(985) 973-5880', 'https://www.asa-volkman.io/nostrum#pariatur', 46),
	(47, 'leverage holistic experiences', 'Carter Inc', 'emilio.stiedemann@gmail.com', '(730) 211-4079', 'https://www.titus-nader.co:47817/#explicabo', 47),
	(48, 'incubate efficient functionalities', 'Skiles LLC', 'yolanda.feeney@hotmail.com', '(730) 661-1906', 'https://www.bella-huel.org:35129/numquam/autdoloremque#inventore', 48),
	(49, 'scale open-source models', 'Littel, Franecki and Rippin', 'dick.abshire@gmail.com', '(305) 241-6080', 'https://www.albertine-marvin.co/illum#dolorem', 49),
	(50, 'incubate bricks-and-clicks partnerships', 'Rutherford, Cassin and Kohler', 'carmelina.feil@gmail.com', '(305) 242-0502', 'https://www.stephanie-moen.info:53886/repellendus?numquam=facere&totam=sed#officia', 50),
	(51, 'scale dynamic experiences', 'Schmitt Group', 'shea.conroy@hotmail.com', '(472) 469-1707', 'https://www.vance-heathcote.net:29820/?voluptatem=error&voluptatem=nesciunt#ad', 51),
	(52, 'cultivate efficient e-business', 'Hammes-Koepp', 'wilma.homenick@hotmail.com', '(730) 223-9073', 'https://www.gregg-buckridge.info:52715/adipisci?quos=delectus&veniam=cupiditate', 52),
	(53, 'matrix viral relationships', 'O\'Hara, Ernser and Tremblay', 'booker.torp@hotmail.com', '(305) 202-3602', 'https://www.oswaldo-grant.io/dignissimos/deserunt?eius=magni&voluptate=incidunt', 53),
	(54, 'engage best-of-breed models', 'Jast, Cremin and Nicolas', 'berniece.reichert@yahoo.com', '(305) 283-7438', 'https://www.chrystal-cole.net/recusandae/illo', 54),
	(55, 'enhance dynamic web-readiness', 'Wolf, Yundt and Bednar', 'young.bechtelar@hotmail.com', '(305) 200-5685', 'https://www.percy-davis.io:1428/sed/oditunde#dolores', 55),
	(56, 'benchmark virtual infrastructures', 'Hayes-Dickinson', 'christin.witting@hotmail.com', '(505) 659-0581', 'http://www.booker-dare.org:64820/eum/eveniet', 56),
	(57, 'benchmark next-generation schemas', 'Durgan-Jaskolski', 'sharonda.nitzsche@gmail.com', '(505) 833-5714', 'https://www.wilburn-jacobi.co/iusto/beatae?quas=laboriosam&cumque=expedita', 57),
	(58, 'matrix holistic e-markets', 'Carroll-White', 'deandre.prohaska@hotmail.com', '(983) 491-0378', 'https://www.susann-ziemann.com:1265/molestiae', 58),
	(59, 'evolve bricks-and-clicks deliverables', 'Treutel, Rosenbaum and Morissette', 'marco.strosin@hotmail.com', '(505) 695-6797', 'https://www.rex-auer.info/consequatur', 59),
	(60, 'innovate sticky communities', 'Kessler Inc', 'antwan.dickinson@hotmail.com', '(730) 676-9919', 'https://www.lorene-wolf.biz/autem/qui#dolorem', 60),
	(61, 'transition seamless e-business', 'Hettinger-Fisher', 'blaine.gorczany@yahoo.com', '(281) 627-2895', 'https://www.timmy-goldner.net/?atque=velit&libero=ducimus', 61),
	(62, 'recontextualize e-business methodologies', 'Kassulke-Monahan', 'jake.kertzmann@yahoo.com', '(305) 206-2041', 'https://www.cedric-prohaska.io:48965/nihil/at?inventore=consequuntur&totam=rem', 62),
	(63, 'e-enable revolutionary technologies', 'Rau-Wyman', 'lanelle.hauck@hotmail.com', '(505) 646-6860', 'https://www.rayford-johnson.io/?eaque=voluptatibus&sed=nemo', 63),
	(64, 'reinvent next-generation synergies', 'Gislason, O\'Reilly and Hills', 'sunny.zulauf@gmail.com', '(305) 233-4360', 'https://www.nannette-kilback.co:38533/fugit/nequenatus?adipisci=perspiciatis&alias=beatae', 64),
	(65, 'reinvent customized eyeballs', 'Auer-Baumbach', 'andrew.labadie@hotmail.com', '(360) 845-6433', 'http://www.nickole-lynch.io/voluptates', 65),
	(66, 'maximize killer infrastructures', 'Beier-Dach', 'broderick.bashirian@yahoo.com', '(505) 648-4269', 'https://www.rodger-hilpert.biz/', 66),
	(67, 'monetize viral supply-chains', 'Adams-Armstrong', 'glenn.bahringer@yahoo.com', '(678) 370-4860', 'http://www.elliot-jakubowski.com/?aperiam=sed&illum=corrupti', 67),
	(68, 'cultivate end-to-end ROI', 'Crona, Okuneva and Kshlerin', 'joanne.becker@gmail.com', '(203) 738-0589', 'https://www.von-mckenzie.io:44031/#possimus', 68),
	(69, 'target interactive channels', 'Bins Group', 'maurice.hyatt@yahoo.com', '(505) 644-1547', 'https://www.marvin-metz.org:32534/vitae/provident?at=harum&voluptas=vero#pariatur', 69),
	(70, 'drive open-source channels', 'Hyatt, Miller and Russel', 'ethan.hilpert@gmail.com', '(954) 392-0916', 'https://www.clement-boyle.org:10430/dignissimos/earum?quaerat=assumenda&atque=recusandae#maxime', 70),
	(71, 'strategize leading-edge mindshare', 'Barrows, Pacocha and Gulgowski', 'karrie.schaden@hotmail.com', '(472) 443-2573', 'http://www.candice-schinner.name/quisquam/corporisquo#odit', 71),
	(72, 'cultivate integrated content', 'Beahan, Wolf and Klein', 'beata.shields@yahoo.com', '(469) 512-2997', 'https://www.alessandra-wisoky.info:50709/totam/possimusasperiores', 72),
	(73, 'reintermediate wireless bandwidth', 'Gutkowski, Abernathy and Kirlin', 'felecia.schuppe@gmail.com', '(305) 204-6664', 'http://www.celesta-hand.com/#quis', 73),
	(74, 'revolutionize B2C relationships', 'Bartoletti-Okuneva', 'alberto.considine@yahoo.com', '(276) 834-8732', 'https://www.tristan-koepp.com/rem/officiis?doloribus=accusantium&eaque=ducimus', 74),
	(75, 'maximize 24/365 eyeballs', 'Gibson and Sons', 'thanh.heidenreich@gmail.com', '(218) 287-0293', 'https://www.tuan-herman.co/esse/inventoreut?unde=voluptate&id=explicabo#culpa', 75),
	(76, 'redefine out-of-the-box eyeballs', 'Cummings Group', 'chantay.blick@yahoo.com', '(678) 237-2799', 'https://www.adalberto-thompson.com/officiis/vel#numquam', 76),
	(77, 'architect revolutionary systems', 'Bogan LLC', 'haley.oconnell@gmail.com', '(865) 981-7534', 'https://www.cornell-konopelski.co/assumenda/quounde', 77),
	(78, 'e-enable efficient e-services', 'Cronin, Lueilwitz and Conroy', 'margret.botsford@yahoo.com', '(983) 814-0194', 'https://www.shani-beier.biz/hic/rerumeligendi?quia=vero&non=itaque#magnam', 78),
	(79, 'integrate granular functionalities', 'Sanford, Nitzsche and Wolf', 'emanuel.walter@gmail.com', '(307) 332-0045', 'https://www.tandy-gaylord.org/excepturi/occaecati', 79),
	(80, 'productize 24/7 functionalities', 'McKenzie and Sons', 'micah.lubowitz@hotmail.com', '(669) 313-6489', 'http://www.curtis-schmitt.org/expedita#saepe', 80),
	(81, 'reintermediate world-class portals', 'Jenkins Group', 'ellie.macgyver@yahoo.com', '(341) 656-4711', 'https://www.amie-douglas.name:14810/aut/dignissimosrepellendus?quos=rem&iste=ipsum', 81),
	(82, 'implement world-class infrastructures', 'Lindgren Inc', 'jamie.wolff@yahoo.com', '(730) 213-4657', 'http://www.dixie-davis.biz/#enim', 82),
	(83, 'target sticky portals', 'Rogahn-Pfeffer', 'janine.schroeder@hotmail.com', '(505) 646-0930', 'http://www.eartha-ernser.name/molestiae', 83),
	(84, 'e-enable out-of-the-box e-commerce', 'Leuschke-Weissnat', 'enoch.kuhlman@yahoo.com', '(305) 307-0490', 'http://www.phuong-bosco.io:18336/quod', 84),
	(85, 'synergize interactive interfaces', 'Gleichner, Anderson and Gorczany', 'david.mraz@gmail.com', '(308) 280-5199', 'http://www.johana-cruickshank.org:20468/enim/repudiandae?distinctio=quaerat&sit=rerum', 85),
	(86, 'enhance efficient e-markets', 'Braun Group', 'shayne.kuhn@hotmail.com', '(305) 244-4847', 'https://www.rhett-schultz.net:31448/necessitatibus/sequi?soluta=cum&quos=doloremque', 86),
	(87, 'innovate integrated platforms', 'Windler, Wunsch and Ortiz', 'margarite.kunze@gmail.com', '(580) 365-7913', 'https://www.rashida-yost.com/#sed', 87),
	(88, 'strategize real-time technologies', 'Bednar, Runolfsdottir and Lesch', 'alita.bogisich@hotmail.com', '(505) 646-8114', 'https://www.amy-lowe.io/magnam', 88),
	(89, 'recontextualize revolutionary initiatives', 'Graham Group', 'bud.hirthe@hotmail.com', '(636) 509-8594', 'https://www.bonny-kuhlman.com/#cupiditate', 89),
	(90, 'empower frictionless infomediaries', 'Pacocha, Okuneva and Stokes', 'bryant.hilpert@gmail.com', '(505) 620-7990', 'https://www.jordon-vandervort.biz/delectus/aperiam', 90),
	(91, 'visualize innovative architectures', 'Willms, Lynch and Barton', 'scotty.schmidt@yahoo.com', '(472) 444-1311', 'https://www.zonia-gislason.net:20361/ad/neque?dolor=at&modi=esse#velit', 91),
	(92, 'architect collaborative synergies', 'Bruen-Blick', 'curtis.gerlach@hotmail.com', '(520) 397-7343', 'https://www.ronald-dibbert.net:60592/eveniet#esse', 92),
	(93, 'maximize strategic ROI', 'Jast-Nitzsche', 'dung.mitchell@yahoo.com', '(678) 836-1355', 'https://www.narcisa-cummings.net:14785/?odio=dolorem&voluptatibus=magni', 93),
	(94, 'utilize scalable partnerships', 'Murphy-Borer', 'brad.bartell@yahoo.com', '(337) 626-2983', 'https://www.ronny-mann.com:8733/', 94),
	(95, 'leverage holistic niches', 'Huels-Erdman', 'jackie.white@hotmail.com', '(305) 207-0258', 'http://www.euna-wolff.org/occaecati/reiciendis?tenetur=aspernatur&temporibus=repudiandae#eligendi', 95),
	(96, 'optimize impactful ROI', 'Zieme-Donnelly', 'rudy.ward@gmail.com', '(472) 432-4859', 'http://www.melania-kertzmann.co:24658/expedita/amet', 96),
	(97, 'seize holistic experiences', 'Brown and Sons', 'toby.bradtke@yahoo.com', '(472) 423-3360', 'https://www.emilio-mueller.name:62020/illo/eos?soluta=blanditiis&consequuntur=cumque', 97),
	(98, 'redefine sexy systems', 'Kiehn and Sons', 'un.durgan@hotmail.com', '(730) 235-8253', 'https://www.zulma-white.biz/explicabo/debitis', 98),
	(99, 'optimize cutting-edge paradigms', 'Stark-Little', 'katia.tillman@gmail.com', '(730) 223-7508', 'https://www.rashad-spinka.name/sunt', 99);
	
	-- Dumping structure for table works.skill
CREATE TABLE IF NOT EXISTS `skill` (
  `skill_id` bigint(20) NOT NULL AUTO_INCREMENT,
  `skill_description` varchar(255) DEFAULT NULL,
  `skill_name` varchar(255) UNIQUE DEFAULT NULL,
  `type` enum('SOFT_SKILL','TECHNICAL_SKILL','UNSPECIFIC') DEFAULT NULL,
  PRIMARY KEY (`skill_id`)
) ENGINE=InnoDB AUTO_INCREMENT=52 DEFAULT CHARSET=latin1 COLLATE=latin1_swedish_ci;

-- Dumping data for table works.skill: ~51 rows (approximately)
INSERT INTO `skill` (`skill_id`, `skill_description`, `skill_name`, `type`) VALUES
	(1, 'Voluptatum assumenda eligendi dignissimos nam maiores.', 'Java', 'SOFT_SKILL'),
	(2, 'Porro nihil accusantium voluptate impedit.', 'Python', 'SOFT_SKILL'),
	(3, 'Laborum nisi eius.', 'SQL', 'SOFT_SKILL'),
	(4, 'Itaque qui deserunt hic iusto veniam consequuntur molestiae.', 'JavaScript', 'UNSPECIFIC'),
	(5, 'Eligendi consequuntur voluptatem occaecati enim magnam doloribus cumque.', 'HTML/CSS', 'TECHNICAL_SKILL'),
	(6, 'Voluptatibus quis sed alias ullam repellendus iure.', 'React', 'SOFT_SKILL'),
	(7, 'Itaque debitis odit enim modi.', 'Angular', 'SOFT_SKILL'),
	(8, 'Dolorum facilis temporibus voluptates cupiditate et autem.', 'Spring Boot', 'SOFT_SKILL'),
	(9, 'Cum eaque consequatur harum eum est.', 'Node.js', 'TECHNICAL_SKILL'),
	(10, 'Eum sunt veritatis iure.', 'C#', 'SOFT_SKILL'),
	(11, 'Placeat eos assumenda iste quia.', 'Ruby on Rails', 'UNSPECIFIC'),
	(12, 'Et excepturi quod illo odio eum cum soluta.', 'Git', 'TECHNICAL_SKILL'),
	(13, 'Ad in voluptates molestias.', 'Docker', 'SOFT_SKILL'),
	(14, 'Nulla similique rem porro.', 'Kubernetes', 'UNSPECIFIC'),
	(15, 'Nobis eius maxime ipsa eligendi et.', 'AWS (Amazon Web Services)', 'UNSPECIFIC'),
	(16, 'Deserunt suscipit numquam.', 'Azure', 'UNSPECIFIC'),
	(17, 'Deserunt suscipit magnam consectetur molestiae.', 'Machine Learning', 'SOFT_SKILL'),
	(18, 'Ducimus tempora quisquam.', 'Data Analysis', 'SOFT_SKILL'),
	(19, 'Tenetur molestias consequatur possimus.', 'Cloud Computing', 'UNSPECIFIC'),
	(20, 'Fugit enim harum.', 'Cybersecurity', 'UNSPECIFIC'),
	(21, 'Corrupti numquam esse ullam.', 'RESTful API', 'SOFT_SKILL'),
	(22, 'Incidunt fugiat illo corporis reprehenderit ullam dolorum.', 'Agile Methodology', 'SOFT_SKILL'),
	(23, 'Quos consectetur aut corporis cum.', 'DevOps', 'UNSPECIFIC'),
	(24, 'Velit cumque fugit libero.', 'Jenkins', 'SOFT_SKILL'),
	(25, 'Debitis quos omnis numquam vel.', 'TypeScript', 'SOFT_SKILL'),
	(26, 'Qui mollitia vitae quidem unde.', 'Swift', 'UNSPECIFIC'),
	(27, 'Eius molestiae iste itaque velit esse veniam.', 'Kotlin', 'TECHNICAL_SKILL'),
	(28, 'Hic occaecati quos.', 'R (Programming Language)', 'SOFT_SKILL'),
	(29, 'Tenetur tenetur vitae quod.', 'MATLAB', 'UNSPECIFIC'),
	(30, 'Doloribus dignissimos eum temporibus neque deserunt consectetur.', 'Sass/Less', 'TECHNICAL_SKILL'),
	(31, 'Nulla officiis dolor deserunt doloribus.', 'GraphQL', 'SOFT_SKILL'),
	(32, 'Enim natus ex.', 'TensorFlow', 'TECHNICAL_SKILL'),
	(33, 'Officiis cum dolor quisquam ex veniam laborum et.', 'Flask', 'SOFT_SKILL'),
	(34, 'Animi repellendus cumque asperiores repellendus occaecati provident.', 'Django', 'SOFT_SKILL'),
	(35, 'Nemo repellat illo nobis reiciendis illo officia.', 'Vue.js', 'TECHNICAL_SKILL'),
	(36, 'Animi quam saepe fuga praesentium cum.', 'MongoDB', 'TECHNICAL_SKILL'),
	(37, 'Reiciendis iure corporis voluptatum sequi.', 'PostgreSQL', 'SOFT_SKILL'),
	(38, 'Laborum in porro cum quae.', 'MySQL', 'SOFT_SKILL'),
	(39, 'Tempora sed iure eveniet corrupti dicta.', 'Apache Kafka', 'UNSPECIFIC'),
	(40, 'Alias fugiat illo animi itaque.', 'Hadoop', 'TECHNICAL_SKILL'),
	(41, 'Labore excepturi suscipit voluptatibus vero.', 'Spark', 'TECHNICAL_SKILL'),
	(42, 'Consequuntur sit perferendis sed soluta unde.', 'Figma', 'UNSPECIFIC'),
	(43, 'Harum illum quisquam.', 'UI/UX Design', 'SOFT_SKILL'),
	(44, 'Recusandae repudiandae odio delectus ipsum aspernatur.', 'Bootstrap', 'SOFT_SKILL'),
	(45, 'Amet voluptatem tempora.', 'Tailwind CSS', 'UNSPECIFIC'),
	(46, 'Veritatis inventore animi.', 'Salesforce', 'SOFT_SKILL'),
	(47, 'Odio est neque facere facilis illo a.', 'Power BI', 'SOFT_SKILL'),
	(48, 'Cum voluptatum alias.', 'Tableau', 'SOFT_SKILL'),
	(49, 'Veniam quo recusandae excepturi ipsam nemo.', 'Business Analysis', 'SOFT_SKILL'),
	(50, 'Velit nihil minus quis vitae.', 'Quality Assurance', 'TECHNICAL_SKILL'),
	(51, 'Voluptatibus ut quasi tempora.', 'Unit Testing', 'TECHNICAL_SKILL');

-- Dumping structure for table works.candidate
CREATE TABLE IF NOT EXISTS `candidate` (
  `id` bigint(20) NOT NULL AUTO_INCREMENT,
  `dob` date NOT NULL,
  `email` varchar(255) NOT NULL,
  `full_name` varchar(255) NOT NULL,
  `phone` varchar(15) NOT NULL,
  `address` bigint(20) NOT NULL,
  PRIMARY KEY (`id`),
  UNIQUE KEY `UK_qfut8ruekode092nlkipgl09g` (`email`),
  UNIQUE KEY `UK_9i5yt1gvm0chg5e10qkns7tll` (`phone`),
  UNIQUE KEY `UK_m8qhlm4wu215gr34dhxp0dour` (`address`),
  CONSTRAINT `FKa8gnyyhbb2qnhp94grci1n0o9` FOREIGN KEY (`address`) REFERENCES `address` (`id`)
) ENGINE=InnoDB AUTO_INCREMENT=100 DEFAULT CHARSET=latin1 COLLATE=latin1_swedish_ci;

-- Dumping data for table works.candidate: ~99 rows (approximately)
INSERT INTO `candidate` (`id`, `dob`, `email`, `full_name`, `phone`, `address`) VALUES
	(1, '1985-06-26', 'bernadette.bashirian@gmail.com', 'Nelson Rohan DDS', '(305) 200-9391', 1),
	(2, '1972-06-21', 'tami.grimes@gmail.com', 'Cruz Marvin', '(730) 204-2082', 2),
	(3, '1967-05-11', 'melany.huels@hotmail.com', 'Jimmy Kshlerin', '(505) 680-6649', 3),
	(4, '1979-03-07', 'cortez.greenholt@gmail.com', 'Jeff Gorczany', '(730) 207-6676', 4),
	(5, '1990-04-12', 'porter.ohara@gmail.com', 'Osvaldo Botsford', '(472) 269-7314', 5),
	(6, '1970-05-10', 'salina.kozey@hotmail.com', 'Corey Moen', '(505) 720-9324', 6),
	(7, '1966-05-28', 'antionette.nolan@gmail.com', 'Latina O\'Connell III', '(973) 802-2537', 7),
	(8, '1997-09-22', 'jesus.oberbrunner@gmail.com', 'Trinh Gerhold', '(561) 791-8064', 8),
	(9, '1994-04-16', 'angelique.quitzon@hotmail.com', 'Elba Lakin', '(984) 221-8066', 9),
	(10, '1994-05-29', 'salvatore.streich@hotmail.com', 'Byron Lowe', '(730) 627-5411', 10),
	(11, '1970-06-04', 'leisa.mills@gmail.com', 'Roxana Gusikowski V', '(505) 918-3266', 11),
	(12, '1966-04-17', 'felton.huels@yahoo.com', 'Ms. Vanesa Stiedemann', '(234) 847-2258', 12),
	(13, '1992-03-25', 'leo.leuschke@yahoo.com', 'Zola Schumm I', '(469) 892-1361', 13),
	(14, '1994-10-19', 'agripina.mcclure@yahoo.com', 'Concetta Brown V', '(505) 845-1063', 14),
	(15, '2000-03-11', 'brock.cormier@yahoo.com', 'Jason Jones', '(317) 815-2017', 15),
	(16, '1965-10-12', 'kasey.schuster@hotmail.com', 'Dr. Louie Buckridge', '(854) 727-2478', 16),
	(17, '1979-01-20', 'terra.hane@hotmail.com', 'Thresa Schowalter', '(878) 750-2955', 17),
	(18, '2001-09-16', 'karmen.simonis@yahoo.com', 'Johnnie Bradtke', '(730) 228-8933', 18),
	(19, '1966-06-06', 'grace.mueller@yahoo.com', 'Douglass Auer', '(730) 642-7909', 19),
	(20, '1996-05-18', 'angelo.hermann@yahoo.com', 'Irvin Gerhold', '(730) 215-4530', 20),
	(21, '1982-04-03', 'dustin.ratke@yahoo.com', 'Taneka Von PhD', '(305) 204-0245', 21),
	(22, '1981-07-20', 'hal.labadie@yahoo.com', 'Glen Hamill', '(270) 987-8362', 22),
	(23, '2004-12-03', 'broderick.beahan@hotmail.com', 'Ms. Karisa West', '(505) 617-2693', 23),
	(24, '1990-10-30', 'antonia.emmerich@gmail.com', 'Drema Ferry', '(730) 219-2908', 24),
	(25, '1992-06-18', 'josue.heidenreich@gmail.com', 'Fernando Konopelski', '(479) 946-1876', 25),
	(26, '1969-01-22', 'sharell.bogan@yahoo.com', 'Mr. Pedro Gislason', '(730) 677-7006', 26),
	(27, '1991-07-07', 'alana.jones@yahoo.com', 'Mr. Elyse Rowe', '(828) 238-3809', 27),
	(28, '2005-02-19', 'steffanie.yost@yahoo.com', 'Librada Dickinson', '(425) 770-3745', 28),
	(29, '1965-10-09', 'jefferey.hahn@gmail.com', 'Stuart Barton', '(472) 415-8688', 29),
	(30, '1993-02-09', 'nathanael.nienow@yahoo.com', 'Otis Pollich', '(505) 657-2278', 30),
	(31, '1982-07-18', 'candelaria.prohaska@hotmail.com', 'Tena Towne', '(505) 646-9559', 31),
	(32, '1968-11-03', 'brett.kutch@gmail.com', 'Faviola Muller', '(401) 324-9551', 32),
	(33, '1979-06-14', 'zina.hessel@gmail.com', 'Chung Pagac', '(305) 238-8242', 33),
	(34, '2004-04-24', 'laurence.russel@yahoo.com', 'Synthia Huels Jr.', '(956) 206-6777', 34),
	(35, '1997-06-26', 'lino.macejkovic@gmail.com', 'Krishna Bayer II', '(646) 847-6630', 35),
	(36, '1984-04-21', 'jordan.becker@yahoo.com', 'Mr. Demarcus Bogisich', '(469) 811-1135', 36),
	(37, '1983-08-17', 'dorcas.barton@yahoo.com', 'Jared Jerde DDS', '(703) 423-8283', 37),
	(38, '1968-03-27', 'harlan.balistreri@yahoo.com', 'Dinah Rutherford', '(505) 635-5348', 38),
	(39, '1982-05-30', 'chanelle.rowe@hotmail.com', 'Georgianne Hamill', '(505) 518-9926', 39),
	(40, '1979-04-15', 'darron.sanford@gmail.com', 'Petra Gottlieb MD', '(730) 633-3693', 40),
	(41, '1981-10-23', 'deidre.howe@hotmail.com', 'Kaylene Rath', '(730) 200-9069', 41),
	(42, '2002-09-14', 'felisa.cruickshank@yahoo.com', 'Fermin Kohler', '(305) 315-5219', 42),
	(43, '1980-01-27', 'nicolas.towne@gmail.com', 'Mrs. Andre Walker', '(305) 881-9187', 43),
	(44, '1986-07-09', 'grover.nitzsche@yahoo.com', 'Arlen Schroeder', '(385) 404-7307', 44),
	(45, '1984-07-25', 'dorian.gutkowski@gmail.com', 'Silva Berge', '(681) 936-9820', 45),
	(46, '1999-05-25', 'johnette.kshlerin@gmail.com', 'Otha Bogan', '(983) 877-0443', 46),
	(47, '1968-01-11', 'seymour.gulgowski@hotmail.com', 'Dr. Janey Schamberger', '(363) 535-8788', 47),
	(48, '1973-11-29', 'cortez.shields@gmail.com', 'Tobie Ryan DVM', '(505) 805-4322', 48),
	(49, '1996-06-05', 'demetrius.abbott@yahoo.com', 'Augustus Treutel I', '(505) 551-0436', 49),
	(50, '2001-11-22', 'hershel.bode@yahoo.com', 'Miss Broderick Douglas', '(620) 544-6183', 50),
	(51, '1967-01-22', 'maryjo.morissette@yahoo.com', 'Mr. Rico Considine', '(730) 610-6768', 51),
	(52, '2000-11-08', 'shelba.lubowitz@gmail.com', 'Roseanna Mohr DDS', '(472) 498-7500', 52),
	(53, '1986-11-20', 'digna.heidenreich@hotmail.com', 'Kimberli Lesch', '(906) 621-1631', 53),
	(54, '2000-05-04', 'winford.ankunding@yahoo.com', 'Eugenio Bechtelar', '(505) 981-2867', 54),
	(55, '1967-08-05', 'salvatore.boyer@gmail.com', 'Tyron Mertz', '(305) 469-6448', 55),
	(56, '1970-08-13', 'caitlyn.mraz@yahoo.com', 'Aaron Stehr', '(305) 205-8142', 56),
	(57, '1970-12-18', 'ardell.fritsch@gmail.com', 'Mrs. Ruben Kshlerin', '(301) 223-0791', 57),
	(58, '2004-01-16', 'irwin.rippin@gmail.com', 'Bula Boyle', '(730) 204-8885', 58),
	(59, '1981-12-14', 'lemuel.ritchie@yahoo.com', 'Norman Kautzer II', '(730) 692-2268', 59),
	(60, '1969-06-29', 'edythe.stroman@yahoo.com', 'Jeneva Koch', '(730) 232-4089', 60),
	(61, '2004-10-14', 'benny.schinner@yahoo.com', 'Brett Turcotte II', '(730) 637-3520', 61),
	(62, '1988-06-26', 'daniell.luettgen@gmail.com', 'Shira Adams', '(629) 351-4892', 62),
	(63, '1988-05-17', 'nicholas.koepp@gmail.com', 'Pamala Schmeler', '(617) 366-4281', 63),
	(64, '1977-01-27', 'hermila.schuppe@gmail.com', 'Adele Fahey', '(472) 431-1847', 64),
	(65, '1995-09-30', 'abraham.auer@hotmail.com', 'Major Berge', '(305) 279-4110', 65),
	(66, '2001-05-10', 'max.towne@hotmail.com', 'Lazaro Brekke DDS', '(513) 530-0773', 66),
	(67, '2004-09-05', 'pedro.koelpin@yahoo.com', 'Jed Zieme', '(505) 626-4292', 67),
	(68, '1992-11-17', 'martha.smitham@hotmail.com', 'Percy Muller', '(913) 675-7081', 68),
	(69, '1984-07-16', 'martin.dicki@hotmail.com', 'Jennell Ledner', '(305) 832-3179', 69),
	(70, '1982-08-02', 'stacey.dibbert@hotmail.com', 'Serina Bahringer V', '(985) 917-8983', 70),
	(71, '1999-11-11', 'alva.dickens@yahoo.com', 'Randal Rau', '(505) 644-2088', 71),
	(72, '1968-03-09', 'lola.oberbrunner@gmail.com', 'Eura Kautzer IV', '(730) 605-8624', 72),
	(73, '2002-07-22', 'ted.wilkinson@gmail.com', 'Kristal Gerhold III', '(983) 471-5452', 73),
	(74, '1975-09-26', 'jolynn.blanda@hotmail.com', 'Ms. Florance Barrows', '(305) 206-5330', 74),
	(75, '1967-12-15', 'nicolasa.west@gmail.com', 'Josephina Stamm', '(505) 527-6980', 75),
	(76, '1974-08-10', 'nicolas.ohara@gmail.com', 'Bonita Lebsack', '(505) 354-5413', 76),
	(77, '2006-07-29', 'emil.monahan@gmail.com', 'Huong Nicolas', '(730) 688-3918', 77),
	(78, '1971-07-24', 'bo.lueilwitz@gmail.com', 'Mr. Celsa Carroll', '(505) 648-0126', 78),
	(79, '1993-09-01', 'ivan.lakin@gmail.com', 'Marion Toy', '(983) 791-5858', 79),
	(80, '1981-08-18', 'diann.bashirian@gmail.com', 'Ms. Dortha Koss', '(618) 489-0742', 80),
	(81, '1984-06-10', 'jaquelyn.schmeler@gmail.com', 'Merrilee Berge Jr.', '(305) 206-5785', 81),
	(82, '1984-04-30', 'mimi.jerde@gmail.com', 'Angelo Gutmann', '(505) 674-9129', 82),
	(83, '1969-05-20', 'curt.kunze@yahoo.com', 'Mr. Laci Lind', '(208) 724-5467', 83),
	(84, '1988-04-09', 'soraya.kessler@hotmail.com', 'Freeda Ortiz', '(954) 752-3384', 84),
	(85, '1971-06-25', 'frederica.waters@yahoo.com', 'Vanetta Schinner', '(505) 644-8910', 85),
	(86, '2001-09-27', 'richie.quigley@yahoo.com', 'Ara Raynor', '(505) 648-8754', 86),
	(87, '2000-03-19', 'ranee.collins@hotmail.com', 'Jonathan Stark', '(730) 211-3022', 87),
	(88, '1987-05-27', 'sherilyn.reilly@hotmail.com', 'Ezequiel Dickens', '(215) 505-3644', 88),
	(89, '1994-02-18', 'benito.mitchell@gmail.com', 'Max Zemlak', '(472) 281-2809', 89),
	(90, '1989-10-31', 'jae.roob@yahoo.com', 'Benjamin Howell', '(505) 646-4552', 90),
	(91, '2004-12-28', 'sydney.leuschke@gmail.com', 'Roxann Ruecker', '(983) 387-3857', 91),
	(92, '1981-02-14', 'britt.hermiston@yahoo.com', 'Louanne Stokes', '(472) 425-6819', 92),
	(93, '1983-03-08', 'felipe.kris@hotmail.com', 'Mr. Donovan Rempel', '(220) 239-5178', 93),
	(94, '1982-01-20', 'brigitte.fahey@yahoo.com', 'Sun O\'Conner', '(334) 716-3546', 94),
	(95, '1988-11-10', 'zachary.lindgren@gmail.com', 'Mrs. Melvin DuBuque', '(484) 560-4458', 95),
	(96, '2002-04-26', 'alessandra.orn@gmail.com', 'Ms. Ping Rempel', '(857) 846-2312', 96),
	(97, '2006-10-24', 'graciela.schoen@gmail.com', 'Stacy Balistreri', '(730) 242-1422', 97),
	(98, '1980-09-26', 'magdalene.weimann@hotmail.com', 'Chi Lemke', '(618) 679-7381', 98),
	(99, '1967-08-21', 'leland.goodwin@gmail.com', 'Miles Mertz', '(305) 274-1471', 99);
	
	-- Dumping structure for table works.experience
CREATE TABLE IF NOT EXISTS `experience` (
  `id` bigint(20) NOT NULL,
  `company_name` varchar(255) DEFAULT NULL,
  `from_date` date DEFAULT NULL,
  `role` varchar(255) DEFAULT NULL,
  `to_date` date DEFAULT NULL,
  `work_desc` varchar(255) DEFAULT NULL,
  `can_id` bigint(20) NOT NULL,
  PRIMARY KEY (`id`),
  KEY `FK8d5oqe0wxh52v352i04qnuady` (`can_id`),
  CONSTRAINT `FK8d5oqe0wxh52v352i04qnuady` FOREIGN KEY (`can_id`) REFERENCES `candidate` (`id`)
) ENGINE=InnoDB DEFAULT CHARSET=latin1 COLLATE=latin1_swedish_ci;

-- Dumping data for table works.experience: ~148 rows (approximately)
INSERT INTO `experience` (`id`, `company_name`, `from_date`, `role`, `to_date`, `work_desc`, `can_id`) VALUES
	(1, 'Pollich LLC', '1965-03-28', 'gardener', '1998-10-05', 'Eius id quis.', 71),
	(2, 'Sipes-Schmeler', '1981-03-27', 'lecturer', '1990-08-04', 'Dignissimos sed debitis possimus nesciunt.', 3),
	(3, 'Tromp-Deckow', '1974-02-10', 'postman', '1974-09-06', 'Ducimus cupiditate iure dicta voluptates.', 30),
	(4, 'Jast-Morissette', '1968-02-25', 'attorney', '1976-08-27', 'Aut totam dolorem natus commodi odio.', 25),
	(5, 'Yundt, Reichel and Lakin', '1966-03-27', 'gardener', '1982-03-08', 'Dolore in ullam dolores illo nemo.', 56),
	(6, 'Tillman-Harvey', '1985-01-07', 'actor', '1986-11-27', 'Architecto in tempora ipsum maiores eius itaque id.', 27),
	(7, 'Cronin-Beier', '1971-12-30', 'programmer', '1978-06-25', 'Repellendus odio sed dolore sequi cum explicabo.', 46),
	(8, 'Torp-McCullough', '1988-10-13', 'nurse', '2006-01-28', 'Officia totam magni quibusdam magni.', 90),
	(9, 'Lynch Inc', '1970-02-19', 'scientist', '1972-09-13', 'Vero aliquam amet illum facilis magnam.', 99),
	(10, 'Hayes LLC', '1986-07-29', 'banker', '2001-07-26', 'Error rem eligendi illum labore quidem assumenda.', 57),
	(11, 'Grimes, Ferry and Stamm', '1975-11-16', 'musician', '1980-06-21', 'Maiores earum nisi.', 76),
	(12, 'Lebsack-Collins', '1968-05-31', 'veterinary doctor', '1991-01-17', 'Suscipit sed nostrum.', 64),
	(13, 'Tromp-Volkman', '1982-06-01', 'web developer', '1999-07-27', 'Minima molestias repellendus quod sint perspiciatis itaque.', 16),
	(14, 'Flatley LLC', '1965-04-30', 'gardener', '1980-01-24', 'Vero totam consequuntur alias.', 80),
	(15, 'Denesik, Boyer and Greenfelder', '1967-09-10', 'veterinary doctor', '1982-03-25', 'Eum quibusdam at laudantium vel.', 86),
	(16, 'VonRueden-Fahey', '1975-07-16', 'journalist', '1985-01-20', 'Nostrum quaerat quod eaque consequuntur nulla id ratione.', 44),
	(17, 'Cormier LLC', '2000-03-21', 'firefighter', '2004-11-07', 'Fugit at enim voluptatibus.', 44),
	(18, 'Wintheiser LLC', '1980-04-23', 'librarian', '1992-03-06', 'Maxime atque dolorum.', 68),
	(19, 'Buckridge, Howe and Pfeffer', '1976-09-20', 'web developer', '1994-01-03', 'Mollitia culpa sint repudiandae.', 97),
	(20, 'Bartoletti LLC', '1983-02-16', 'travel agent', '2004-01-09', 'Omnis mollitia nesciunt cum exercitationem alias.', 80),
	(21, 'Rosenbaum LLC', '1969-05-12', 'postman', '1985-03-18', 'Exercitationem aspernatur ullam earum eveniet tenetur.', 29),
	(22, 'Maggio-Lehner', '1969-03-17', 'librarian', '1972-11-26', 'Ratione tempore pariatur saepe repudiandae asperiores aliquid fugiat.', 70),
	(23, 'Leuschke LLC', '1977-08-02', 'physicist', '2000-07-31', 'Sequi voluptatum itaque nemo recusandae perferendis voluptatem nam.', 84),
	(24, 'Parker-Wolf', '1973-02-06', 'doctor', '1996-10-29', 'Est perspiciatis vel.', 54),
	(25, 'Macejkovic, Bernier and Baumbach', '1978-11-06', 'painter', '1999-01-06', 'Quae aspernatur laudantium facere consequatur laboriosam.', 37),
	(26, 'Rosenbaum, Lockman and Gerhold', '1970-08-20', 'window cleaner', '1991-10-29', 'Sed id labore.', 33),
	(27, 'McCullough-Parker', '1966-08-09', 'attorney', '1999-05-21', 'Sequi temporibus quisquam ut hic eligendi ducimus.', 91),
	(28, 'Bayer-Balistreri', '1976-05-11', 'lifeguard', '2002-12-13', 'Explicabo quisquam soluta commodi earum.', 78),
	(29, 'Bosco LLC', '2001-08-15', 'soldier', '2002-03-20', 'Architecto ipsa a reiciendis.', 78),
	(30, 'Paucek-Schroeder', '1965-07-28', 'engineer', '1966-11-26', 'Pariatur nemo eligendi a molestias recusandae eos.', 97),
	(31, 'Haag-Abernathy', '1983-03-06', 'optician', '2006-08-01', 'Pariatur repudiandae dicta fugit ipsa ducimus neque.', 14),
	(32, 'Armstrong and Sons', '1975-05-21', 'coach', '1981-11-25', 'Voluptate quod totam impedit illo ea.', 7),
	(33, 'Durgan and Sons', '1996-12-14', 'plumber', '2001-05-28', 'Veritatis iure reprehenderit ipsam quod.', 17),
	(34, 'Jerde-Schroeder', '1988-07-01', 'taxi driver', '2000-08-21', 'Vel doloribus perspiciatis nam repellendus nam culpa.', 57),
	(35, 'Muller-Turner', '1987-12-09', 'builder', '2002-06-04', 'Rerum quae quaerat magni reiciendis harum enim.', 22),
	(36, 'Feest, Dare and Beatty', '1971-12-28', 'librarian', '1986-07-17', 'Ab dolorem corrupti architecto reprehenderit error sapiente.', 11),
	(37, 'Towne, Rau and Brekke', '1980-05-31', 'dentist', '1986-02-01', 'Dolorem iure dolor laborum quas nemo inventore.', 34),
	(38, 'Torphy, Stroman and Funk', '1994-02-06', 'agriculturist', '1997-06-18', 'Similique incidunt iusto.', 48),
	(39, 'Macejkovic, Murray and Lubowitz', '1988-03-12', 'window cleaner', '1998-04-23', 'Ullam natus iusto culpa magni minima.', 5),
	(40, 'Pouros Inc', '1985-06-04', 'banker', '1996-02-13', 'In quo quo modi suscipit nobis.', 66),
	(41, 'Feeney, Stanton and Lind', '1974-07-01', 'veterinary doctor', '2002-05-26', 'Consectetur iste nobis inventore corrupti.', 19),
	(42, 'Huels-Kling', '1965-11-05', 'mechanic', '1986-03-14', 'Aperiam minus quod eveniet repellendus provident.', 25),
	(43, 'Schultz-Pollich', '1973-03-08', 'receptionist', '1988-12-04', 'Praesentium saepe esse quidem.', 69),
	(44, 'Collins Inc', '1992-04-17', 'bartender', '2004-08-23', 'Quas perspiciatis dolore maxime corrupti praesentium.', 20),
	(45, 'Klein LLC', '1997-08-24', 'journalist', '1998-05-16', 'Tenetur voluptatibus voluptatem reiciendis molestias magni provident.', 70),
	(46, 'Turner-Borer', '1981-05-05', 'fiherman', '1997-07-02', 'Exercitationem vitae maxime consequatur quos quas iure unde.', 50),
	(47, 'Simonis, Hoeger and Zieme', '1981-03-26', 'attorney at law', '1994-01-14', 'Odio impedit eveniet necessitatibus perferendis.', 94),
	(48, 'Bednar-Sipes', '1972-07-23', 'model', '1978-03-22', 'Ipsa nostrum sit.', 17),
	(49, 'Buckridge-Kuphal', '1996-05-20', 'taxi driver', '1999-02-22', 'Ea repellat quod.', 75),
	(50, 'Nicolas, Mraz and VonRueden', '1997-11-29', 'model', '2004-06-04', 'Aut corrupti dolores praesentium maiores natus.', 28),
	(51, 'Treutel, Ryan and Nitzsche', '1981-07-24', 'shop assistant', '1999-03-17', 'Molestiae harum distinctio.', 27),
	(52, 'Welch-Torphy', '1978-01-20', 'pharmacist', '1981-12-12', 'Ratione qui animi aliquam quod voluptas.', 45),
	(53, 'Connelly, Bruen and Wintheiser', '1973-12-06', 'editor', '1999-06-22', 'Neque nemo hic et debitis impedit.', 9),
	(54, 'Bechtelar, Terry and Walter', '1968-09-12', 'model', '2001-07-12', 'Molestias hic eius.', 24),
	(55, 'Lind-Jerde', '1980-10-03', 'plumber', '1999-08-09', 'Cum ad ad natus pariatur sed delectus at.', 99),
	(56, 'Hills-Heidenreich', '1965-02-27', 'fiherman', '1980-01-05', 'Minus vitae alias molestias.', 19),
	(57, 'Durgan and Sons', '1970-02-19', 'pharmacist', '1998-06-03', 'Optio aliquam qui sit sed.', 85),
	(58, 'Wolf-Lindgren', '1993-11-16', 'farmer', '2000-12-14', 'Eaque consequuntur molestiae.', 11),
	(59, 'Bechtelar, Durgan and Murphy', '1984-09-17', 'bartender', '1998-04-03', 'Modi voluptatum possimus rem facilis sequi beatae possimus.', 99),
	(60, 'Stamm Group', '1966-09-03', 'actress', '1997-07-12', 'Fuga aspernatur cumque nobis facere a.', 99),
	(61, 'Buckridge and Sons', '1988-03-06', 'taxi driver', '1989-08-09', 'Quod eos ipsam quam perferendis sequi deleniti.', 59),
	(62, 'Wisoky-Russel', '1973-11-16', 'actor', '1985-02-25', 'Aliquid consequuntur voluptas.', 69),
	(63, 'Koch, D\'Amore and Spinka', '1975-03-08', 'dietician', '1990-11-13', 'Perspiciatis consectetur doloribus culpa adipisci porro.', 68),
	(64, 'Torphy, Weissnat and Kshlerin', '1990-03-21', 'travel agent', '2006-04-03', 'Eos omnis magnam voluptate.', 49),
	(65, 'Crona, Connelly and Boyer', '1977-02-23', 'police officer', '1996-01-25', 'Sint magnam dolore quo vero est quas.', 22),
	(66, 'Bashirian and Sons', '1972-07-19', 'accountant', '2002-07-13', 'Recusandae ad nisi magnam quibusdam dicta ab.', 56),
	(67, 'Osinski, Breitenberg and Ryan', '1980-08-30', 'librarian', '2001-12-23', 'Totam beatae laborum inventore dolore quibusdam hic natus.', 80),
	(68, 'Bogan, Hermann and Trantow', '1990-11-17', 'accountant', '1996-02-22', 'Cum iure nemo repudiandae laborum.', 85),
	(69, 'Marquardt-Rice', '1978-11-27', 'lawyer', '1979-09-22', 'Architecto blanditiis aut.', 13),
	(70, 'Collier Inc', '1971-05-19', 'chef', '1995-03-15', 'Similique iste voluptates corrupti totam.', 6),
	(71, 'Feest Group', '1969-04-01', 'postman', '1983-08-02', 'Voluptates nemo earum saepe explicabo minus voluptatum cum.', 16),
	(72, 'DuBuque Group', '1986-06-02', 'air traffic controller', '2002-03-30', 'Ad incidunt omnis unde id amet.', 10),
	(73, 'Wuckert LLC', '1976-11-19', 'builder', '1980-11-11', 'Porro sapiente pariatur pariatur praesentium eum voluptates inventore.', 77),
	(74, 'Schmeler, Price and O\'Reilly', '1987-12-21', 'web developer', '2006-09-25', 'Quibusdam totam amet tenetur sint perferendis incidunt.', 40),
	(75, 'Kreiger, Abbott and Crooks', '1973-04-05', 'postman', '1985-10-05', 'Accusamus provident quo.', 56),
	(76, 'Bayer Inc', '1970-07-22', 'veterinary doctor', '1985-10-02', 'Amet eos aliquam temporibus.', 53),
	(77, 'Zemlak LLC', '1965-10-13', 'travel agent', '1981-02-12', 'Quasi labore illum veritatis occaecati.', 14),
	(78, 'Goyette-Mohr', '1990-12-22', 'factory worker', '2005-08-31', 'Veritatis quia quaerat dolorum.', 7),
	(79, 'Ritchie-Towne', '1980-12-25', 'air traffic controller', '1982-04-12', 'Quaerat ab nobis corrupti laudantium voluptatum ex itaque.', 97),
	(80, 'Marquardt Inc', '1982-06-26', 'plumber', '1994-07-23', 'Distinctio voluptatum placeat aspernatur eos laborum.', 87),
	(81, 'Yost, Nicolas and Kreiger', '1976-07-07', 'barber', '1980-05-28', 'Ducimus tempora voluptatibus perspiciatis.', 17),
	(82, 'Daugherty-Bahringer', '1984-08-14', 'businessman', '1997-10-05', 'Sit nam modi asperiores perspiciatis quae recusandae eum.', 57),
	(83, 'Morissette LLC', '1983-08-23', 'window cleaner', '2001-09-05', 'Quas consequatur ducimus autem mollitia autem est.', 65),
	(84, 'Rolfson, Murray and McClure', '1991-02-18', 'nurse', '2005-05-01', 'Corrupti excepturi fugiat tempora eum eligendi.', 80),
	(85, 'Spinka-Botsford', '1986-05-09', 'police officer', '1988-02-07', 'Cumque at optio atque iste aperiam tempora.', 19),
	(86, 'Graham LLC', '1967-11-20', 'shop assistant', '2000-03-15', 'Libero explicabo aut rem.', 89),
	(87, 'Fritsch Inc', '1967-03-08', 'hairdresser', '1971-03-09', 'Et eveniet nulla tenetur.', 82),
	(88, 'Schoen, West and Ortiz', '1973-03-20', 'teacher', '2001-09-12', 'Deleniti repellendus ratione aliquid quia quae.', 60),
	(89, 'Balistreri, Morissette and Anderson', '1971-07-05', 'translator', '1995-02-09', 'In ab quibusdam provident magni.', 68),
	(90, 'Kunze, Larkin and Schroeder', '1987-06-28', 'banker', '2002-10-23', 'Reiciendis ducimus occaecati omnis.', 16),
	(91, 'Bruen Group', '1993-04-22', 'model', '2005-11-19', 'Totam odit recusandae libero exercitationem.', 86),
	(92, 'Mayert-Zboncak', '1968-02-26', 'builder', '1992-09-07', 'Recusandae eos quas rerum culpa.', 15),
	(93, 'Kerluke Group', '1978-12-31', 'veterinary doctor', '1989-07-19', 'Perspiciatis ea dolorum dolores in alias.', 93),
	(94, 'McDermott-Brakus', '1967-03-30', 'traffic warden', '1976-08-26', 'Magni et repudiandae earum doloremque voluptatem.', 32),
	(95, 'Littel, Kunde and Johnson', '1965-03-13', 'receptionist', '1991-02-28', 'Aspernatur aliquam aliquam.', 9),
	(96, 'Denesik and Sons', '1984-02-19', 'firefighter', '2003-11-20', 'Reiciendis voluptate incidunt voluptatum neque.', 92),
	(97, 'Waelchi-Hodkiewicz', '1969-03-07', 'musician', '1983-12-15', 'Asperiores quibusdam neque labore nam.', 50),
	(98, 'Treutel Group', '1991-12-31', 'agriculturist', '1994-05-22', 'Excepturi debitis error unde quia occaecati laudantium esse.', 57),
	(99, 'Crooks, Jones and Cole', '1971-05-04', 'programmer', '1981-01-20', 'Quae autem sequi.', 33),
	(100, 'Christiansen, O\'Conner and Schaden', '1966-12-19', 'traffic warden', '1981-11-24', 'Nemo recusandae dolorum commodi magni odit nam.', 49),
	(101, 'Kohler LLC', '1966-12-13', 'electrician', '2003-05-17', 'Rerum vero quos error.', 63),
	(102, 'Lind LLC', '1987-12-27', 'window cleaner', '2001-04-10', 'Accusantium non quisquam.', 59),
	(103, 'Zemlak, Howe and Bergnaum', '1969-02-03', 'pilot', '1991-12-24', 'Reiciendis cumque delectus voluptatibus.', 42),
	(104, 'Mueller-Legros', '1981-03-25', 'soldier', '1998-12-31', 'Aut sint non rerum eveniet.', 72),
	(105, 'Hickle, Dare and Kuhic', '1966-01-08', 'chemist', '2002-02-04', 'Ducimus modi et suscipit libero.', 35),
	(106, 'Kunde Inc', '1997-04-12', 'advocate', '1999-09-08', 'Repudiandae eos a nisi hic natus.', 75),
	(107, 'Purdy LLC', '1970-01-27', 'nurse', '1979-02-12', 'Eius nam et illum autem.', 82),
	(108, 'Bergnaum, Frami and Hane', '1998-07-28', 'web developer', '2002-09-28', 'Minus excepturi esse quidem consequatur.', 52),
	(109, 'Mann-Wilkinson', '1967-03-11', 'soldier', '1999-12-01', 'Aliquid quaerat nihil totam sed facere.', 83),
	(110, 'Schuster Group', '1974-05-26', 'veterinary doctor', '2006-02-28', 'Temporibus nam ut eius autem asperiores eum aliquam.', 73),
	(111, 'Murray and Sons', '1966-09-22', 'taxi driver', '1973-11-12', 'Eligendi illum odio maiores.', 18),
	(112, 'Cole-Grant', '1990-01-13', 'biologist', '1999-03-11', 'Voluptates porro magnam sit amet doloremque.', 84),
	(113, 'Wilkinson Group', '1980-08-18', 'engineer', '1988-10-09', 'Hic illum blanditiis ut voluptatem optio asperiores.', 66),
	(114, 'Weimann-Kuphal', '1992-05-30', 'window cleaner', '2006-08-28', 'Rem tenetur beatae tenetur architecto.', 99),
	(115, 'Simonis, Larson and Kuhic', '1982-06-04', 'chemist', '1982-11-23', 'Quod odio nulla omnis quidem sed ab.', 82),
	(116, 'Anderson Group', '1974-12-27', 'farmer', '1996-02-16', 'Ex quisquam corrupti voluptates earum illo ea.', 79),
	(117, 'Balistreri and Sons', '1969-09-04', 'dentist', '1985-12-12', 'Soluta iusto error error.', 96),
	(118, 'O\'Connell LLC', '1982-01-27', 'lifeguard', '1982-08-26', 'Pariatur ad nesciunt atque voluptatem cumque totam nemo.', 70),
	(119, 'Heaney, Cruickshank and Morissette', '1970-06-05', 'coach', '1981-07-06', 'A ratione eos consequatur aliquam aliquam.', 46),
	(120, 'Roberts, Collier and Schmeler', '1986-06-09', 'butcher', '1999-06-04', 'Nulla consequatur cupiditate delectus.', 9),
	(121, 'Bauch LLC', '1966-12-02', 'barber', '1988-07-14', 'Dolorem ducimus saepe sunt quasi sequi dolores totam.', 86),
	(122, 'Zieme Inc', '1993-04-02', 'photographer', '1998-02-07', 'Blanditiis quia est magni.', 52),
	(123, 'White-Oberbrunner', '1968-11-30', 'firefighter', '1973-07-13', 'Accusantium aperiam quam beatae recusandae distinctio asperiores quod.', 24),
	(124, 'Kohler LLC', '1973-09-06', 'tailor', '1978-11-01', 'Doloremque atque est commodi alias debitis.', 24),
	(125, 'Considine-Greenholt', '1971-05-25', 'photographer', '1991-11-02', 'Aut commodi in eaque molestias.', 29),
	(126, 'Bailey and Sons', '1973-07-23', 'soldier', '1976-04-01', 'Facilis quis vel.', 26),
	(127, 'Donnelly Inc', '1974-05-23', 'factory worker', '1976-12-11', 'Modi sed neque.', 2),
	(128, 'O\'Keefe-O\'Connell', '1966-05-21', 'painter', '1977-07-13', 'Incidunt error optio repellat sapiente omnis ea.', 27),
	(129, 'Kunde and Sons', '1971-04-15', 'engineer', '2001-09-18', 'Consequuntur id nihil nisi.', 83),
	(130, 'McClure, Rodriguez and Connelly', '1994-04-30', 'carpenter', '2001-01-07', 'Cupiditate dignissimos nam expedita atque.', 92),
	(131, 'Bayer, Lubowitz and Rohan', '1987-08-21', 'lecturer', '1992-09-07', 'Nesciunt odit consectetur.', 89),
	(133, 'Block-Considine', '1970-10-12', 'journalist', '1998-12-16', 'Dicta quasi ullam voluptate esse fugit.', 9),
	(134, 'Sauer-Harvey', '1966-12-20', 'economist', '1978-12-29', 'Ea inventore vel.', 76),
	(135, 'Schulist-Doyle', '1989-06-04', 'writer', '1996-10-09', 'Quaerat provident molestiae in consequuntur recusandae.', 50),
	(136, 'Labadie-Cruickshank', '1993-11-15', 'teacher', '1997-11-13', 'Odio dolore error ea.', 42),
	(137, 'Rohan-Lind', '1985-01-26', 'electrician', '1986-04-30', 'Dignissimos ut dolores excepturi veniam veniam.', 24),
	(138, 'Fritsch LLC', '1982-09-05', 'banker', '2005-04-10', 'Culpa porro sequi doloremque est veritatis voluptatum.', 96),
	(139, 'Renner, Auer and Hackett', '1983-09-15', 'programmer', '2002-07-30', 'Ea autem aut ea ullam officiis.', 39),
	(140, 'Boyer and Sons', '1982-11-06', 'barber', '1993-08-07', 'Consequatur ipsam perferendis assumenda.', 62),
	(141, 'Nader-Carter', '1983-04-10', 'air traffic controller', '1990-03-25', 'Saepe minus quaerat.', 10),
	(142, 'Abernathy LLC', '1966-06-05', 'farmer', '1987-05-21', 'Quam libero facere praesentium tempora officia temporibus.', 72),
	(143, 'Luettgen, Gerlach and Schuppe', '1981-11-05', 'lecturer', '1983-09-06', 'Molestias exercitationem modi deserunt minima sint.', 32),
	(144, 'Wisozk and Sons', '1993-12-21', 'cashier', '1995-09-27', 'Possimus voluptatibus tempore autem soluta voluptate beatae illum.', 3),
	(145, 'Mraz-Cummings', '1984-01-14', 'statistician', '1997-04-12', 'Molestiae sit aliquid sint quia voluptatum.', 41),
	(146, 'West, Medhurst and Schmeler', '1966-12-13', 'chef', '2000-12-12', 'Nostrum voluptates saepe voluptate unde mollitia aut.', 60),
	(147, 'Kuhic, Corkery and Kertzmann', '1972-11-02', 'bartender', '1998-10-28', 'Eius molestias incidunt possimus porro.', 11),
	(148, 'Daniel-Howell', '1966-06-17', 'banker', '1996-03-13', 'Alias cum hic quo.', 94),
	(149, 'Ratke Group', '1992-03-19', 'builder', '1993-11-05', 'Quaerat tempore excepturi odio facilis deleniti.', 68);

-- Dumping structure for table works.candidate_skill
CREATE TABLE IF NOT EXISTS `candidate_skill` (
  `skill_id` bigint(20) NOT NULL,
  `more_infos` varchar(1000) DEFAULT NULL,
  `skill_level` enum('ADVANCED','BEGINER','IMTERMEDIATE','MASTER','PROFESSIONAL') NOT NULL,
  `can_id` bigint(20) NOT NULL,
  PRIMARY KEY (`can_id`,`skill_id`),
  KEY `FKb7cxhiqhcah7c20a2cdlvr1f8` (`skill_id`),
  CONSTRAINT `FKb0m5tm3fi0upa3b3kjx3vrlxs` FOREIGN KEY (`can_id`) REFERENCES `candidate` (`id`),
  CONSTRAINT `FKb7cxhiqhcah7c20a2cdlvr1f8` FOREIGN KEY (`skill_id`) REFERENCES `skill` (`skill_id`)
) ENGINE=InnoDB DEFAULT CHARSET=latin1 COLLATE=latin1_swedish_ci;

-- Dumping data for table works.candidate_skill: ~241 rows (approximately)
INSERT INTO `candidate_skill` (`skill_id`, `more_infos`, `skill_level`, `can_id`) VALUES
	(2, 'Suscipit atque dolores dolores suscipit.', 'MASTER', 1),
	(37, 'Iusto doloremque dignissimos consequatur minima vitae facilis perspiciatis.', 'MASTER', 1),
	(38, 'Sint vero illo vitae incidunt eum voluptatem.', 'PROFESSIONAL', 1),
	(42, 'Numquam at magni nulla.', 'ADVANCED', 1),
	(9, 'Inventore reiciendis excepturi quis alias.', 'MASTER', 2),
	(23, 'Minima aliquam praesentium adipisci possimus natus.', 'BEGINER', 2),
	(30, 'Explicabo exercitationem quo aliquam.', 'MASTER', 2),
	(27, 'Blanditiis at reiciendis.', 'PROFESSIONAL', 3),
	(41, 'Sequi laboriosam blanditiis tempore similique aspernatur autem excepturi.', 'ADVANCED', 3),
	(9, 'Possimus esse eveniet maiores aut.', 'BEGINER', 4),
	(37, 'Libero quis illum quaerat.', 'IMTERMEDIATE', 4),
	(12, 'Neque error totam id illo eligendi molestiae.', 'IMTERMEDIATE', 6),
	(16, 'Ipsa aut labore iusto explicabo corrupti.', 'IMTERMEDIATE', 6),
	(48, 'Nihil nesciunt assumenda fugiat ducimus expedita.', 'PROFESSIONAL', 6),
	(26, 'Unde dolore minus iure.', 'MASTER', 7),
	(34, 'Assumenda nam odit veniam id perferendis labore.', 'IMTERMEDIATE', 7),
	(32, 'Culpa minus sint.', 'BEGINER', 8),
	(22, 'Similique facere eum pariatur ipsa.', 'ADVANCED', 9),
	(34, 'Tempora saepe qui totam quo eveniet accusantium.', 'MASTER', 9),
	(25, 'Labore vero nemo eum dignissimos.', 'BEGINER', 10),
	(28, 'Dignissimos distinctio soluta ullam eos.', 'MASTER', 10),
	(45, 'Officia molestiae dolorem cumque eveniet beatae repellendus.', 'ADVANCED', 11),
	(50, 'Cum quas officia minus quia.', 'BEGINER', 11),
	(8, 'Nobis quisquam quae voluptatibus et aspernatur reprehenderit voluptas.', 'PROFESSIONAL', 12),
	(44, 'Minima animi architecto et consequuntur nisi reiciendis.', 'IMTERMEDIATE', 12),
	(1, 'Corporis deserunt quam eius corporis similique provident.', 'PROFESSIONAL', 13),
	(15, 'Nihil explicabo magnam laudantium.', 'MASTER', 14),
	(37, 'Sunt hic dicta hic.', 'MASTER', 14),
	(40, 'Cum autem nam repellat quos velit consequuntur vero.', 'BEGINER', 14),
	(20, 'Harum ipsam autem ullam.', 'MASTER', 15),
	(17, 'Ad a dolorem cupiditate.', 'MASTER', 16),
	(32, 'Error ipsa in neque nihil ipsa voluptates.', 'IMTERMEDIATE', 16),
	(37, 'Accusantium laudantium nobis nisi consequuntur necessitatibus sequi.', 'ADVANCED', 17),
	(38, 'Voluptas hic ipsam.', 'BEGINER', 17),
	(13, 'Culpa accusamus accusantium nam ipsum nulla.', 'PROFESSIONAL', 19),
	(14, 'Veniam assumenda deleniti cum.', 'BEGINER', 19),
	(29, 'Doloribus debitis quam sit sint voluptas.', 'PROFESSIONAL', 19),
	(39, 'Autem nesciunt facere nostrum harum omnis.', 'ADVANCED', 19),
	(10, 'Natus modi tempore dolores quod.', 'MASTER', 20),
	(1, 'Quos dolor natus ratione totam quis earum.', 'MASTER', 22),
	(15, 'Cum culpa ex ad.', 'PROFESSIONAL', 22),
	(35, 'Cupiditate fugit velit.', 'IMTERMEDIATE', 23),
	(36, 'Sint inventore enim.', 'MASTER', 23),
	(41, 'Alias illum deserunt impedit quibusdam.', 'MASTER', 23),
	(45, 'Soluta tenetur facilis temporibus quisquam necessitatibus exercitationem.', 'PROFESSIONAL', 23),
	(2, 'Qui veritatis unde blanditiis accusantium veritatis voluptatibus.', 'BEGINER', 24),
	(16, 'Qui enim modi molestiae cum odio.', 'MASTER', 24),
	(25, 'Dolor consequuntur quas deserunt qui.', 'ADVANCED', 24),
	(29, 'Laborum illum dolores vero aut.', 'MASTER', 24),
	(32, 'Aspernatur ea dolore.', 'IMTERMEDIATE', 24),
	(22, 'Fugiat autem distinctio rerum doloremque officia eius.', 'MASTER', 25),
	(13, 'Et minima ut aspernatur.', 'PROFESSIONAL', 26),
	(15, 'Deleniti ea officiis dolorum pariatur sapiente impedit.', 'BEGINER', 26),
	(30, 'Suscipit quidem voluptatem sunt ducimus.', 'ADVANCED', 26),
	(9, 'Mollitia quis ipsum itaque deserunt fuga rerum.', 'ADVANCED', 27),
	(29, 'Aut corporis illum ipsa consectetur.', 'PROFESSIONAL', 27),
	(7, 'Commodi molestiae nostrum nam vitae illo.', 'IMTERMEDIATE', 28),
	(18, 'Odit assumenda quo quasi eos delectus magni vitae.', 'PROFESSIONAL', 28),
	(46, 'Quas modi accusamus laudantium distinctio.', 'BEGINER', 28),
	(41, 'In cum pariatur voluptate quibusdam tempora.', 'MASTER', 29),
	(47, 'Dolores accusantium facere temporibus nesciunt dolorem.', 'BEGINER', 29),
	(1, 'Atque blanditiis ad.', 'ADVANCED', 30),
	(19, 'Porro nisi nobis ab ratione quae.', 'IMTERMEDIATE', 30),
	(33, 'Voluptas voluptas rerum facilis ipsam.', 'IMTERMEDIATE', 30),
	(9, 'Voluptatum officiis doloremque ipsum quidem.', 'MASTER', 31),
	(44, 'Illum vero expedita labore minus.', 'MASTER', 31),
	(6, 'Commodi deleniti velit atque quaerat sapiente.', 'BEGINER', 32),
	(11, 'Sunt mollitia laudantium distinctio molestias dicta veniam.', 'MASTER', 32),
	(13, 'Commodi quos cupiditate autem eos odit animi voluptatibus.', 'BEGINER', 32),
	(18, 'Aspernatur at voluptatum similique.', 'MASTER', 32),
	(32, 'Ab est dignissimos occaecati cumque magni.', 'MASTER', 32),
	(47, 'Quasi adipisci deserunt animi modi.', 'ADVANCED', 32),
	(51, 'Aliquid eveniet error quam explicabo suscipit.', 'PROFESSIONAL', 32),
	(32, 'Rerum iure quia assumenda nihil porro.', 'MASTER', 33),
	(8, 'Est explicabo quo atque enim commodi quibusdam.', 'PROFESSIONAL', 34),
	(35, 'Aliquid earum doloremque deleniti debitis.', 'ADVANCED', 35),
	(8, 'Dolor non alias est libero quae perferendis.', 'MASTER', 36),
	(15, 'Rerum velit est velit.', 'BEGINER', 36),
	(32, 'Itaque voluptatum corrupti.', 'BEGINER', 36),
	(35, 'Fugit earum officia quidem libero earum deserunt quia.', 'IMTERMEDIATE', 36),
	(36, 'Laboriosam sit id reiciendis quasi.', 'BEGINER', 36),
	(49, 'Tempora maiores adipisci quam.', 'ADVANCED', 36),
	(9, 'Sint ab at reprehenderit ipsum deleniti perspiciatis.', 'IMTERMEDIATE', 37),
	(20, 'Sint nihil facilis incidunt enim.', 'ADVANCED', 40),
	(35, 'Odio officia repudiandae ducimus minus.', 'ADVANCED', 40),
	(45, 'Ea mollitia optio fugiat in quas nobis quibusdam.', 'IMTERMEDIATE', 40),
	(47, 'Rem quos ratione atque.', 'MASTER', 40),
	(25, 'Ratione ut illo cumque repudiandae provident eius dignissimos.', 'IMTERMEDIATE', 41),
	(18, 'Facere rerum nam.', 'ADVANCED', 42),
	(5, 'Reprehenderit autem omnis aperiam nemo corporis debitis.', 'IMTERMEDIATE', 43),
	(14, 'Exercitationem perferendis modi.', 'IMTERMEDIATE', 43),
	(18, 'Atque minima maxime.', 'ADVANCED', 43),
	(24, 'Voluptate laudantium at facilis molestiae rerum possimus.', 'PROFESSIONAL', 43),
	(25, 'Porro illum totam.', 'BEGINER', 43),
	(44, 'Dolorum perspiciatis repudiandae vel sequi veritatis ducimus provident.', 'MASTER', 43),
	(11, 'Maiores tempora suscipit molestiae eius aut maxime explicabo.', 'BEGINER', 44),
	(45, 'Necessitatibus aliquid praesentium nemo rerum sint ipsum.', 'PROFESSIONAL', 44),
	(41, 'Asperiores vitae magni praesentium eaque neque nisi.', 'ADVANCED', 46),
	(6, 'Laboriosam natus asperiores est excepturi explicabo.', 'MASTER', 47),
	(15, 'Quo itaque quisquam error voluptatum at ullam.', 'PROFESSIONAL', 47),
	(20, 'Sapiente fuga nemo totam ex eos.', 'BEGINER', 47),
	(31, 'Repudiandae velit molestias perferendis nulla iusto.', 'MASTER', 49),
	(49, 'Necessitatibus dolor nam dignissimos labore corrupti dolores magnam.', 'PROFESSIONAL', 49),
	(37, 'Libero accusamus non sequi iure ducimus similique ullam.', 'MASTER', 50),
	(44, 'Neque suscipit soluta sapiente nostrum totam.', 'BEGINER', 50),
	(51, 'Optio minima alias enim autem eligendi.', 'ADVANCED', 50),
	(20, 'Debitis eius labore cumque quos facere maxime eum.', 'PROFESSIONAL', 51),
	(28, 'Atque animi nemo fugiat recusandae dolorum delectus aliquam.', 'PROFESSIONAL', 51),
	(32, 'Exercitationem natus ab.', 'IMTERMEDIATE', 51),
	(45, 'Facere autem consectetur accusantium molestias voluptatum.', 'IMTERMEDIATE', 51),
	(9, 'Vel doloribus pariatur eligendi suscipit alias.', 'BEGINER', 52),
	(17, 'Nesciunt suscipit dicta.', 'PROFESSIONAL', 52),
	(51, 'Veniam sequi in repellendus repellendus sapiente assumenda quam.', 'BEGINER', 52),
	(4, 'Architecto pariatur eaque amet nisi.', 'IMTERMEDIATE', 53),
	(9, 'Totam soluta facilis necessitatibus incidunt consectetur.', 'MASTER', 53),
	(11, 'Aliquid nemo numquam ex.', 'BEGINER', 53),
	(47, 'Minima nemo ab quia veniam.', 'PROFESSIONAL', 53),
	(13, 'Sint cum odit alias fugiat voluptatibus.', 'BEGINER', 54),
	(34, 'Sit sequi explicabo dolorum aliquam.', 'ADVANCED', 54),
	(38, 'Molestias ipsam laudantium veritatis mollitia.', 'IMTERMEDIATE', 54),
	(6, 'Quas optio iste aliquam cum quia.', 'BEGINER', 55),
	(10, 'Quasi a architecto possimus odio reprehenderit libero.', 'BEGINER', 55),
	(28, 'Facere natus soluta.', 'IMTERMEDIATE', 55),
	(29, 'Reiciendis suscipit tempore recusandae ipsam magnam.', 'MASTER', 55),
	(3, 'Atque fugit itaque dicta corporis.', 'ADVANCED', 56),
	(11, 'Quis sequi laudantium quis totam aperiam deserunt iste.', 'PROFESSIONAL', 56),
	(20, 'Error ipsum cupiditate molestiae earum beatae labore.', 'PROFESSIONAL', 56),
	(33, 'Autem nulla distinctio ullam deleniti.', 'IMTERMEDIATE', 56),
	(15, 'Qui fugiat similique.', 'PROFESSIONAL', 57),
	(37, 'Asperiores quo dolores odit incidunt alias.', 'ADVANCED', 57),
	(50, 'Dolor assumenda pariatur.', 'PROFESSIONAL', 57),
	(15, 'Alias vitae aliquam veritatis qui esse.', 'PROFESSIONAL', 59),
	(24, 'Vel delectus dolore saepe necessitatibus quisquam necessitatibus nesciunt.', 'IMTERMEDIATE', 59),
	(25, 'Nisi consectetur consectetur labore.', 'MASTER', 59),
	(32, 'Tempora doloribus inventore neque occaecati quasi.', 'IMTERMEDIATE', 59),
	(1, 'Laudantium quae provident minima perferendis hic minima.', 'IMTERMEDIATE', 60),
	(16, 'Veritatis quibusdam doloremque.', 'MASTER', 60),
	(29, 'Laborum tenetur itaque mollitia porro provident velit quisquam.', 'BEGINER', 60),
	(49, 'Quaerat pariatur culpa similique ducimus.', 'ADVANCED', 60),
	(51, 'In temporibus veritatis ullam architecto.', 'MASTER', 60),
	(47, 'Quis repellat amet id dolores nostrum.', 'MASTER', 62),
	(2, 'Facere repudiandae dolores dicta nihil tenetur.', 'IMTERMEDIATE', 63),
	(4, 'Reprehenderit veniam magnam.', 'ADVANCED', 63),
	(20, 'Pariatur aliquid numquam hic praesentium consequuntur harum quae.', 'PROFESSIONAL', 63),
	(22, 'Accusamus ea numquam vero tempora autem molestias velit.', 'BEGINER', 63),
	(41, 'Molestiae necessitatibus libero iure excepturi deserunt dolore nihil.', 'BEGINER', 63),
	(44, 'Dolore illum iure quibusdam voluptatibus.', 'ADVANCED', 63),
	(50, 'Dolores repellendus asperiores ullam eveniet consequatur.', 'PROFESSIONAL', 64),
	(26, 'Eius asperiores ipsa eaque a.', 'ADVANCED', 65),
	(41, 'Iure odio rerum adipisci fuga neque.', 'IMTERMEDIATE', 65),
	(2, 'Nemo exercitationem fugit facilis eveniet.', 'MASTER', 67),
	(24, 'Sed illum est illum.', 'IMTERMEDIATE', 67),
	(25, 'Nulla velit a totam quidem similique voluptatem.', 'PROFESSIONAL', 67),
	(40, 'Incidunt laborum debitis sunt.', 'ADVANCED', 68),
	(45, 'Ratione laboriosam rerum excepturi.', 'BEGINER', 68),
	(37, 'Libero ea corrupti aliquid.', 'BEGINER', 69),
	(49, 'Amet praesentium in velit recusandae voluptatum molestiae.', 'MASTER', 69),
	(4, 'Fugit quia quos optio.', 'ADVANCED', 70),
	(5, 'Eveniet voluptatem officiis.', 'ADVANCED', 70),
	(10, 'Illum sint minima accusantium distinctio.', 'MASTER', 70),
	(12, 'Harum voluptatem harum quod ea nesciunt neque.', 'PROFESSIONAL', 70),
	(2, 'Ratione distinctio sed in.', 'IMTERMEDIATE', 71),
	(11, 'Omnis id ullam.', 'PROFESSIONAL', 71),
	(28, 'Ipsa similique atque laudantium quod labore.', 'IMTERMEDIATE', 71),
	(4, 'Magnam porro soluta corrupti.', 'BEGINER', 72),
	(19, 'Nam dolorem similique pariatur nemo eum suscipit minima.', 'PROFESSIONAL', 72),
	(41, 'Atque eos facilis.', 'IMTERMEDIATE', 72),
	(26, 'Omnis doloremque facilis vero quasi nostrum.', 'MASTER', 73),
	(31, 'Id a nihil explicabo.', 'MASTER', 73),
	(17, 'Vero ipsam libero amet saepe eum accusamus.', 'MASTER', 75),
	(41, 'Nostrum quis cumque.', 'MASTER', 75),
	(42, 'Itaque ab commodi minima veniam.', 'PROFESSIONAL', 75),
	(49, 'Veniam repellendus blanditiis iusto repellat at fuga.', 'IMTERMEDIATE', 75),
	(15, 'Minima quidem quo.', 'PROFESSIONAL', 76),
	(18, 'Sint eveniet eligendi dignissimos voluptas facere.', 'ADVANCED', 76),
	(23, 'Labore asperiores molestias quidem commodi.', 'BEGINER', 76),
	(48, 'Iusto dolores minus quo asperiores quaerat.', 'BEGINER', 76),
	(11, 'Architecto dolorem eaque ullam.', 'MASTER', 77),
	(21, 'Magni odit dicta at numquam ipsam.', 'ADVANCED', 77),
	(25, 'Inventore provident qui.', 'ADVANCED', 77),
	(29, 'Corrupti in unde hic excepturi repellendus.', 'ADVANCED', 77),
	(51, 'Fugit aut optio eligendi voluptatem dolores iusto.', 'BEGINER', 77),
	(5, 'Maiores quasi corporis sunt sapiente nesciunt debitis.', 'PROFESSIONAL', 78),
	(19, 'Iste dolores optio suscipit et nobis.', 'ADVANCED', 78),
	(2, 'Aliquam est cupiditate repellendus beatae quia.', 'PROFESSIONAL', 79),
	(11, 'Quasi perferendis iure tenetur quam.', 'BEGINER', 79),
	(38, 'Ullam fugiat a.', 'PROFESSIONAL', 79),
	(42, 'Placeat sit placeat itaque distinctio assumenda.', 'BEGINER', 79),
	(2, 'Quae facere eveniet molestias ut aliquid veniam.', 'BEGINER', 80),
	(20, 'Culpa atque hic.', 'IMTERMEDIATE', 81),
	(21, 'Cumque perferendis placeat officia.', 'BEGINER', 81),
	(38, 'Est quo iste dignissimos amet atque assumenda unde.', 'PROFESSIONAL', 81),
	(45, 'Deleniti ad officia odit.', 'MASTER', 81),
	(3, 'Accusantium sunt quidem error.', 'BEGINER', 82),
	(17, 'Ullam iure fuga eos aspernatur neque odit.', 'ADVANCED', 82),
	(28, 'Possimus mollitia dolorem.', 'PROFESSIONAL', 82),
	(4, 'Doloremque dolorem ducimus provident beatae quae enim.', 'PROFESSIONAL', 83),
	(13, 'Rem aut accusamus eos ducimus temporibus officiis officiis.', 'PROFESSIONAL', 83),
	(14, 'Quidem eius reprehenderit veritatis corrupti amet molestiae ex.', 'BEGINER', 83),
	(25, 'Vero sit voluptatibus nulla.', 'PROFESSIONAL', 83),
	(30, 'Necessitatibus commodi itaque iusto quasi.', 'ADVANCED', 83),
	(4, 'Ipsam totam recusandae.', 'PROFESSIONAL', 84),
	(11, 'Autem sed quidem eos ullam accusamus molestiae ut.', 'PROFESSIONAL', 84),
	(28, 'Facilis delectus consequuntur eveniet.', 'MASTER', 84),
	(49, 'Eveniet recusandae accusamus quia molestiae ullam quasi provident.', 'PROFESSIONAL', 85),
	(50, 'Dicta aperiam nostrum nostrum ab esse saepe ex.', 'PROFESSIONAL', 85),
	(33, 'Molestias laudantium laudantium similique autem maiores nisi.', 'ADVANCED', 86),
	(27, 'Numquam id voluptas nobis autem cupiditate consequuntur.', 'MASTER', 87),
	(37, 'Illo iste vitae deleniti ea cupiditate quis.', 'IMTERMEDIATE', 87),
	(44, 'Facere quisquam asperiores modi dolorem mollitia.', 'PROFESSIONAL', 87),
	(23, 'Quibusdam magnam temporibus temporibus eveniet ea in.', 'PROFESSIONAL', 88),
	(50, 'Repellat ab architecto ut voluptas modi.', 'PROFESSIONAL', 88),
	(13, 'Error incidunt rerum hic quibusdam rerum.', 'PROFESSIONAL', 89),
	(36, 'Sequi ex cum accusantium assumenda saepe magni tempore.', 'MASTER', 89),
	(48, 'Dolores cupiditate perferendis optio corrupti odio.', 'PROFESSIONAL', 90),
	(2, 'Modi a vel.', 'ADVANCED', 91),
	(5, 'Sit optio debitis velit deleniti itaque odit laboriosam.', 'BEGINER', 91),
	(11, 'Cupiditate beatae libero debitis quisquam.', 'MASTER', 91),
	(20, 'Expedita exercitationem non voluptas aperiam voluptates iusto modi.', 'BEGINER', 91),
	(28, 'Assumenda delectus placeat voluptatum eveniet a similique molestiae.', 'ADVANCED', 91),
	(29, 'Pariatur illum consequuntur nam labore.', 'MASTER', 91),
	(40, 'Aut esse amet corporis itaque.', 'PROFESSIONAL', 91),
	(5, 'Perspiciatis assumenda placeat nisi.', 'IMTERMEDIATE', 92),
	(33, 'Officiis repellat quo amet fugiat recusandae.', 'ADVANCED', 92),
	(1, 'Iusto recusandae quae facilis iusto distinctio incidunt.', 'PROFESSIONAL', 93),
	(3, 'Magni voluptate accusamus exercitationem exercitationem.', 'ADVANCED', 93),
	(1, 'Velit adipisci nihil provident assumenda natus porro quas.', 'MASTER', 94),
	(19, 'Error doloremque deleniti.', 'PROFESSIONAL', 94),
	(30, 'Sunt hic maxime quis dolorem veritatis libero.', 'MASTER', 94),
	(12, 'Ea qui ut deserunt repellendus adipisci sapiente nam.', 'MASTER', 95),
	(23, 'Voluptates maiores occaecati nam.', 'BEGINER', 95),
	(25, 'Perspiciatis maxime enim animi dolorem.', 'MASTER', 95),
	(48, 'Suscipit velit molestiae ut voluptatem.', 'IMTERMEDIATE', 95),
	(5, 'Perferendis saepe eum nemo vero nostrum tenetur soluta.', 'ADVANCED', 96),
	(40, 'In id quasi esse.', 'BEGINER', 96),
	(33, 'A reprehenderit ut.', 'BEGINER', 97),
	(37, 'Tempora autem optio nisi debitis non dolore saepe.', 'MASTER', 97),
	(45, 'Eum fugiat voluptatem corporis unde asperiores.', 'MASTER', 97),
	(1, 'Voluptatem officiis molestias magnam provident ratione assumenda accusamus.', 'MASTER', 98),
	(5, 'Rem iusto earum reiciendis.', 'BEGINER', 98),
	(13, 'Cupiditate doloremque ea enim consectetur doloribus voluptatum vitae.', 'MASTER', 98),
	(21, 'Consectetur eum soluta.', 'MASTER', 98),
	(26, 'Omnis qui quia perspiciatis accusantium veniam.', 'MASTER', 98),
	(49, 'Placeat qui iusto pariatur reprehenderit distinctio eos.', 'IMTERMEDIATE', 98),
	(35, 'Possimus vero repudiandae natus soluta quidem dolores.', 'IMTERMEDIATE', 99),
	(50, 'Illo velit quisquam illum tempora.', 'PROFESSIONAL', 99);



-- Dumping structure for table works.job
CREATE TABLE IF NOT EXISTS `job` (
  `job_id` bigint(20) NOT NULL AUTO_INCREMENT,
  `job_desc` varchar(2000) NOT NULL,
  `job_name` varchar(255) NOT NULL,
  `company` bigint(20) DEFAULT NULL,
  PRIMARY KEY (`job_id`),
  KEY `FKbaqlvluu78phmo9ld89um7wnm` (`company`),
  CONSTRAINT `FKbaqlvluu78phmo9ld89um7wnm` FOREIGN KEY (`company`) REFERENCES `company` (`comp_id`)
) ENGINE=InnoDB AUTO_INCREMENT=213 DEFAULT CHARSET=latin1 COLLATE=latin1_swedish_ci;

-- Dumping data for table works.job: ~206 rows (approximately)
INSERT INTO `job` (`job_id`, `job_desc`, `job_name`, `company`) VALUES
	(1, 'Amet magnam consequuntur nobis.', 'Agent', 7),
	(2, 'Libero nobis cum odit neque repudiandae.', 'Facilitator', 53),
	(3, 'Aperiam impedit et.', 'Facilitator', 26),
	(4, 'Deserunt a inventore iure suscipit ipsa debitis.', 'Specialist', 27),
	(5, 'Iusto in voluptas earum quia.', 'Analyst', 19),
	(6, 'Vero asperiores repudiandae.', 'Orchestrator', 55),
	(7, 'Similique distinctio nisi excepturi.', 'Administrator', 27),
	(8, 'Eligendi magni illo illum.', 'Executive', 20),
	(9, 'Debitis debitis dicta eaque error.', 'Coordinator', 26),
	(10, 'Sapiente doloribus aspernatur nam.', 'Engineer', 9),
	(11, 'Hic harum praesentium placeat sed necessitatibus autem accusamus.', 'Executive', 60),
	(12, 'Illo libero nulla voluptatibus eius.', 'Specialist', 24),
	(13, 'Dignissimos provident libero ut iure sed accusantium.', 'Strategist', 38),
	(14, 'Dicta fugiat laudantium quae amet a.', 'Executive', 64),
	(15, 'Soluta labore ipsum aliquid dolorem sint ut.', 'Supervisor', 79),
	(16, 'Asperiores aspernatur tempore similique tempore dolor distinctio sit.', 'Supervisor', 37),
	(17, 'Necessitatibus suscipit repellendus iste ut totam aliquid.', 'Executive', 10),
	(18, 'Iste nemo totam ducimus accusamus fugit.', 'Coordinator', 98),
	(19, 'Distinctio minus iusto delectus.', 'Agent', 76),
	(20, 'Corrupti ratione perspiciatis.', 'Agent', 53),
	(21, 'Et exercitationem vitae.', 'Designer', 73),
	(22, 'Assumenda at necessitatibus rerum soluta placeat commodi saepe.', 'Planner', 60),
	(23, 'Enim est itaque.', 'Executive', 17),
	(24, 'Assumenda nobis excepturi placeat esse repellendus dolore.', 'Associate', 21),
	(25, 'Nobis voluptas quaerat.', 'Engineer', 83),
	(26, 'Quam ipsa voluptas maiores doloribus eveniet a.', 'Architect', 35),
	(27, 'Adipisci impedit eos doloremque nulla facere fugiat autem.', 'Strategist', 56),
	(28, 'Ea error illo ratione explicabo.', 'Officer', 18),
	(29, 'Nisi consequuntur consequuntur voluptas dignissimos.', 'Officer', 51),
	(30, 'Incidunt dolorum aut.', 'Orchestrator', 52),
	(31, 'Quod illo mollitia.', 'Manager', 51),
	(32, 'Labore porro quam quaerat.', 'Administrator', 77),
	(33, 'Placeat autem corporis cupiditate maxime.', 'Orchestrator', 81),
	(34, 'A suscipit fuga magnam eos repellat molestiae neque.', 'Engineer', 59),
	(35, 'Mollitia totam dolores veritatis impedit.', 'Architect', 17),
	(36, 'Similique vero repudiandae odio.', 'Developer', 95),
	(37, 'Exercitationem aliquam optio repellat corporis perferendis a ex.', 'Specialist', 90),
	(38, 'Ipsa atque quis aliquam dolore autem autem facere.', 'Officer', 49),
	(39, 'Nobis esse eos.', 'Agent', 63),
	(40, '<p>Ipsum accusamus deleniti necessitatibus reiciendis consequatur fuga quam.</p>', 'Analyst', 13),
	(41, 'Esse similique repellat deleniti quas dolores magnam non.', 'Facilitator', 66),
	(42, 'Inventore repellat aut.', 'Administrator', 87),
	(43, 'Facere non voluptatibus facilis.', 'Strategist', 50),
	(44, 'Vero corporis pariatur magnam.', 'Producer', 84),
	(45, 'Molestiae magni maiores voluptatibus fuga sit harum tempora.', 'Analyst', 18),
	(46, 'Incidunt consectetur reprehenderit quos.', 'Executive', 34),
	(47, 'Quas adipisci ducimus debitis nemo provident temporibus.', 'Agent', 76),
	(48, 'Ratione laudantium voluptatum maxime.', 'Analyst', 71),
	(49, 'Harum ab doloribus delectus nihil.', 'Planner', 54),
	(50, 'Voluptate recusandae commodi vero.', 'Associate', 84),
	(51, 'Nesciunt officiis atque nobis quasi deleniti quos.', 'Developer', 98),
	(52, 'Ut cumque enim corporis molestiae dignissimos.', 'Assistant', 98),
	(53, 'Repellat dolore magnam fugiat quos.', 'Technician', 70),
	(54, 'Sunt corrupti iste nihil natus quam corporis aliquam.', 'Technician', 75),
	(55, 'Maiores culpa similique asperiores odit doloribus.', 'Manager', 17),
	(56, 'Harum sequi est.', 'Supervisor', 44),
	(57, 'Fuga magni autem ipsum dolore deserunt sint.', 'Consultant', 45),
	(58, 'Dolorum natus voluptate perspiciatis dicta.', 'Planner', 57),
	(59, 'Exercitationem minima dolorem optio sit non quos praesentium.', 'Supervisor', 84),
	(60, 'Ad occaecati incidunt natus hic veritatis molestias enim.', 'Developer', 18),
	(61, 'Voluptas numquam nisi.', 'Developer', 19),
	(62, 'Eligendi excepturi repellat maxime totam modi.', 'Producer', 62),
	(63, 'Odio dolorem ullam ipsa repudiandae iusto.', 'Officer', 51),
	(64, 'Ab sit sint iusto laboriosam porro rem.', 'Assistant', 97),
	(65, 'Consequatur architecto beatae tenetur sint ab quos.', 'Strategist', 47),
	(66, 'Consequuntur nisi rem.', 'Producer', 42),
	(67, 'Reiciendis aut nisi sit minima ab quisquam.', 'Designer', 25),
	(68, 'Culpa veritatis sit ex earum architecto ducimus nihil.', 'Agent', 43),
	(69, 'Occaecati facilis expedita unde.', 'Assistant', 18),
	(70, 'Sit sequi perspiciatis libero molestiae.', 'Planner', 27),
	(71, 'Voluptatem repellendus assumenda minima non.', 'Coordinator', 94),
	(72, 'Perspiciatis necessitatibus voluptatem praesentium voluptates at voluptatibus qui.', 'Orchestrator', 63),
	(73, 'Excepturi sequi earum nulla cupiditate ratione alias eos.', 'Manager', 76),
	(74, 'Aliquid nihil architecto assumenda placeat.', 'Orchestrator', 15),
	(75, 'Voluptate dolore nesciunt.', 'Producer', 62),
	(76, 'Nostrum ea earum iste enim iusto dolores.', 'Assistant', 19),
	(77, 'Officia aliquam deleniti occaecati.', 'Strategist', 38),
	(78, 'Ullam modi hic dignissimos hic placeat.', 'Developer', 41),
	(79, 'Adipisci modi tempora culpa fuga aut sequi sit.', 'Facilitator', 78),
	(80, 'Eveniet reprehenderit eius voluptatibus deserunt.', 'Orchestrator', 99),
	(81, 'Cumque tenetur numquam quo eveniet.', 'Coordinator', 32),
	(82, 'Omnis quis tempore.', 'Consultant', 4),
	(83, 'Tempore sint blanditiis rerum ea aperiam assumenda.', 'Consultant', 23),
	(84, 'A animi at quod rem reiciendis sit.', 'Planner', 98),
	(85, 'Eius mollitia sed.', 'Engineer', 73),
	(86, 'Amet fuga dolorem commodi.', 'Engineer', 32),
	(87, 'Sequi a porro eius dolorum inventore nam nihil.', 'Architect', 32),
	(88, 'Quam necessitatibus fugit velit dignissimos.', 'Representative', 77),
	(89, 'Neque tempora ipsam.', 'Administrator', 10),
	(90, 'Alias a necessitatibus dicta explicabo minus eum.', 'Architect', 97),
	(91, 'Ea doloribus quisquam doloribus voluptate sed nam.', 'Developer', 55),
	(92, 'Ipsam natus ipsam incidunt sequi quis reprehenderit asperiores.', 'Officer', 25),
	(93, 'Provident iure soluta maiores sint et unde.', 'Producer', 14),
	(94, 'Iure voluptatem qui deleniti ducimus.', 'Producer', 26),
	(95, 'Totam veniam blanditiis.', 'Liaison', 72),
	(96, 'Aliquam incidunt est perferendis.', 'Orchestrator', 75),
	(97, 'Nemo quisquam quaerat reprehenderit molestiae.', 'Administrator', 30),
	(98, 'Possimus pariatur sapiente quis dolorem quod dicta eos.', 'Planner', 31),
	(99, 'Perferendis perspiciatis ullam adipisci error incidunt.', 'Analyst', 92),
	(100, 'Doloremque voluptatum odit facilis numquam facere mollitia doloremque.', 'Specialist', 51),
	(101, 'Perspiciatis ex facilis.', 'Administrator', 11),
	(102, 'Eos rem non facere necessitatibus assumenda.', 'Facilitator', 39),
	(103, 'Cum similique praesentium quo necessitatibus harum placeat.', 'Manager', 35),
	(104, 'Molestias accusamus voluptatum eius eveniet nemo nesciunt reiciendis.', 'Planner', 74),
	(105, 'In debitis exercitationem id non dignissimos quae.', 'Officer', 20),
	(106, 'Deleniti corrupti quam nihil voluptatibus.', 'Developer', 70),
	(107, 'Adipisci aliquid asperiores maiores voluptas atque.', 'Representative', 36),
	(108, 'Delectus possimus suscipit incidunt voluptatibus nemo fugiat minus.', 'Technician', 57),
	(109, 'Id aperiam cumque unde laborum animi.', 'Strategist', 56),
	(110, 'Mollitia ex dolorum voluptate voluptatum vel.', 'Officer', 76),
	(111, 'Dolor cupiditate ipsam accusantium recusandae dolorum.', 'Architect', 92),
	(112, 'Nam libero ratione.', 'Specialist', 34),
	(113, 'Numquam facilis beatae nesciunt excepturi ipsa.', 'Facilitator', 6),
	(114, 'Exercitationem unde iste nam officiis.', 'Technician', 97),
	(115, 'Autem suscipit quos.', 'Supervisor', 83),
	(116, 'Praesentium expedita quos dolores vitae itaque deserunt fugit.', 'Officer', 71),
	(117, 'Voluptates totam dolorem esse numquam laboriosam consectetur.', 'Consultant', 41),
	(118, 'Ea asperiores consequatur ipsum amet ea.', 'Associate', 66),
	(119, 'Repellat officia quam ipsam.', 'Engineer', 8),
	(120, 'Ducimus vel commodi.', 'Associate', 10),
	(121, 'Quibusdam labore aliquam quam.', 'Orchestrator', 93),
	(122, 'Sint tempore blanditiis nam ullam velit esse vel.', 'Liaison', 96),
	(123, 'Est vero assumenda reiciendis.', 'Specialist', 40),
	(124, 'Esse fuga ipsam mollitia.', 'Orchestrator', 49),
	(125, 'Eveniet beatae id itaque rerum sequi deleniti sunt.', 'Analyst', 99),
	(126, 'Velit voluptatibus cum sint velit officiis earum.', 'Director', 2),
	(127, 'Ea consequatur eius fugit sapiente.', 'Liaison', 99),
	(128, 'Itaque dolores itaque ullam.', 'Designer', 37),
	(129, 'Minima quibusdam dolorum tempora maiores id eos.', 'Designer', 33),
	(130, 'Mollitia praesentium ut vel ducimus dicta.', 'Consultant', 59),
	(131, 'Veniam dolore explicabo dolore asperiores.', 'Manager', 7),
	(132, 'Rerum aliquam culpa rerum aliquid.', 'Associate', 82),
	(133, 'Excepturi sapiente minima.', 'Technician', 26),
	(134, 'Mollitia quibusdam dolor doloribus rem debitis.', 'Strategist', 15),
	(135, 'Eum iste pariatur consequuntur perspiciatis distinctio necessitatibus.', 'Agent', 35),
	(136, 'Ullam quasi ipsam officia numquam explicabo nesciunt blanditiis.', 'Associate', 80),
	(137, 'Quae adipisci odit a facere aliquid aperiam.', 'Technician', 14),
	(138, 'Voluptate ea unde asperiores enim ipsa consequatur qui.', 'Agent', 55),
	(139, '<p>Itaque neque quasi id.</p>', 'Director', 13),
	(140, 'Aut rem officia consectetur sit doloribus quas.', 'Producer', 82),
	(141, 'Dignissimos laboriosam pariatur neque pariatur iste deleniti.', 'Facilitator', 81),
	(142, 'Possimus dolores dolor.', 'Engineer', 70),
	(143, 'Omnis fugiat necessitatibus ad sunt dolor dolores repellat.', 'Executive', 67),
	(144, 'Numquam tenetur dicta aspernatur soluta dicta aliquid.', 'Analyst', 16),
	(145, 'Explicabo natus labore vitae eaque facilis.', 'Architect', 52),
	(146, 'Nostrum non aspernatur iure similique.', 'Coordinator', 31),
	(147, 'Soluta voluptas consequuntur.', 'Planner', 41),
	(148, 'Magnam commodi porro vel libero natus.', 'Specialist', 41),
	(149, 'Dicta magni expedita cumque sunt dolorum ad aut.', 'Technician', 9),
	(150, 'Minima temporibus cumque sunt accusantium.', 'Coordinator', 99),
	(151, 'Atque alias perspiciatis.', 'Coordinator', 71),
	(152, 'Distinctio consequuntur consequuntur consectetur blanditiis corrupti commodi modi.', 'Designer', 49),
	(153, 'Ab praesentium eos nisi.', 'Assistant', 26),
	(154, 'Voluptatum dolore quisquam ipsam repellat.', 'Liaison', 85),
	(155, 'Ut harum eveniet dolores libero vitae.', 'Director', 75),
	(156, 'Sequi ab expedita a labore vero nemo sequi.', 'Officer', 4),
	(157, 'Rem cumque recusandae necessitatibus explicabo deserunt perferendis qui.', 'Analyst', 61),
	(158, 'Ad similique cupiditate sunt cum.', 'Administrator', 37),
	(159, 'Similique molestias repellat facere.', 'Producer', 58),
	(160, 'Eveniet in provident voluptates.', 'Director', 85),
	(161, 'At mollitia omnis earum consequuntur.', 'Facilitator', 12),
	(162, 'Veniam fugit fugit.', 'Orchestrator', 71),
	(163, '<p>Illum praesentium blanditiis illum aliquid nam dicta.</p>', 'Executive', 13),
	(164, 'Corporis odit unde ipsam aut provident neque.', 'Representative', 66),
	(165, 'Natus dolores saepe dolore.', 'Architect', 81),
	(166, 'Suscipit quis sunt.', 'Orchestrator', 3),
	(167, 'Nostrum vero molestias.', 'Orchestrator', 43),
	(168, 'Ut beatae dignissimos sint corporis quo.', 'Producer', 89),
	(169, 'Eaque velit natus aspernatur voluptate quisquam.', 'Director', 54),
	(170, 'Qui vitae hic illo quibusdam aperiam.', 'Liaison', 73),
	(171, 'Aliquid omnis repudiandae eveniet at cum.', 'Executive', 76),
	(172, 'Quasi placeat rerum.', 'Facilitator', 11),
	(173, 'Excepturi sunt repellat vitae enim sunt.', 'Designer', 4),
	(174, 'Aliquid quo hic doloremque autem ipsam sunt veniam.', 'Engineer', 84),
	(175, 'Labore corrupti deleniti iusto.', 'Consultant', 45),
	(176, 'Cumque blanditiis rem cupiditate optio voluptatum eligendi.', 'Consultant', 49),
	(177, 'Quis molestias consequatur deserunt reiciendis doloremque mollitia.', 'Analyst', 56),
	(178, 'Qui dolore nemo delectus iste.', 'Facilitator', 27),
	(179, 'Ex voluptatibus aut quo.', 'Representative', 25),
	(180, 'Consequatur possimus quam esse beatae nam asperiores corrupti.', 'Associate', 5),
	(181, 'Maiores saepe velit porro autem consequuntur reiciendis sit.', 'Agent', 1),
	(182, 'Veritatis voluptates mollitia fugiat.', 'Associate', 6),
	(183, 'Eius qui qui suscipit deleniti.', 'Officer', 48),
	(184, 'Debitis ad quidem delectus perferendis et.', 'Manager', 6),
	(185, 'Minus quia reprehenderit dolorem minima.', 'Developer', 27),
	(186, 'Impedit voluptates praesentium aliquid.', 'Coordinator', 23),
	(187, 'Natus quae perspiciatis minima aut vero.', 'Officer', 90),
	(188, 'Necessitatibus dolor commodi dignissimos magni quasi.', 'Architect', 2),
	(189, 'Consequatur eos numquam illum molestiae.', 'Administrator', 29),
	(190, 'Vitae libero libero.', 'Orchestrator', 39),
	(191, 'Eligendi cupiditate dolorum.', 'Executive', 60),
	(192, 'Aperiam assumenda mollitia occaecati.', 'Coordinator', 3),
	(193, 'Unde iure natus provident quae.', 'Director', 43),
	(194, 'Ab excepturi delectus neque.', 'Representative', 17),
	(195, 'Veritatis doloremque dignissimos ipsa molestiae molestiae quis.', 'Producer', 14),
	(196, 'Consequuntur corporis voluptatum deleniti praesentium ut blanditiis consequatur.', 'Designer', 4),
	(197, 'Quos dolor aliquam soluta asperiores sunt blanditiis.', 'Strategist', 98),
	(198, 'Quisquam accusantium suscipit fuga temporibus placeat esse autem.', 'Developer', 14),
	(204, 'We have experienced developers in both front-end and backend development to speed up server-side or client-side applications.', 'Web developer', 13),
	(206, '<p>We are looking for a <strong>Senior or a Leader of Automation QC Team</strong> who have experience in working on different platforms to ensure the products are working properly.&nbsp;</p>', 'Tester Programming', 13),
	(207, '<p>Thiet ke giao dien web va thuc hien code theo thiet ke</p>', 'Web designer FE', 13),
	(208, '<p>BE</p>', 'BE developer', 13),
	(209, '<p>Labore porro quam quaerat.</p>', 'Administrator', 13),
	(210, '<p>hi</p><p>&nbsp;</p>', 'dev', 13),
	(211, '<p>tester</p>', 'Tester', 13),
	(212, '<p>Developer backend</p>', 'Developer', 13);

-- Dumping structure for table works.job_skill
CREATE TABLE IF NOT EXISTS `job_skill` (
  `more_infos` varchar(1000) DEFAULT NULL,
  `skill_level` enum('ADVANCED','BEGINER','IMTERMEDIATE','MASTER','PROFESSIONAL') NOT NULL,
  `job_id` bigint(20) NOT NULL,
  `skill_id` bigint(20) NOT NULL,
  PRIMARY KEY (`job_id`,`skill_id`),
  KEY `FKj33qbbf3vk1lvhqpcosnh54u1` (`skill_id`),
  CONSTRAINT `FK9ix4wg520ii2gu2felxdhdup6` FOREIGN KEY (`job_id`) REFERENCES `job` (`job_id`),
  CONSTRAINT `FKj33qbbf3vk1lvhqpcosnh54u1` FOREIGN KEY (`skill_id`) REFERENCES `skill` (`skill_id`)
) ENGINE=InnoDB DEFAULT CHARSET=latin1 COLLATE=latin1_swedish_ci;

-- Dumping data for table works.job_skill: ~585 rows (approximately)
INSERT INTO `job_skill` (`more_infos`, `skill_level`, `job_id`, `skill_id`) VALUES
	('Accusantium quibusdam rem sapiente id deserunt velit.', 'BEGINER', 1, 1),
	('Quia molestiae tempora id hic veniam ratione.', 'PROFESSIONAL', 1, 30),
	('In aut quam voluptates hic reprehenderit.', 'MASTER', 1, 45),
	('Esse illo impedit blanditiis dolore.', 'PROFESSIONAL', 2, 10),
	('Sunt vitae quasi.', 'ADVANCED', 2, 22),
	('Velit eligendi omnis.', 'IMTERMEDIATE', 2, 23),
	('Sed expedita nam.', 'IMTERMEDIATE', 2, 29),
	('Sunt molestiae repudiandae ab laborum cupiditate.', 'ADVANCED', 2, 31),
	('Suscipit illo excepturi asperiores iste maiores.', 'IMTERMEDIATE', 2, 35),
	('Quibusdam cum autem voluptates excepturi beatae.', 'IMTERMEDIATE', 3, 10),
	('Quos quae aspernatur ab neque inventore consequuntur cumque.', 'MASTER', 3, 13),
	('Asperiores tempore distinctio nemo quisquam eius perferendis at.', 'PROFESSIONAL', 3, 14),
	('Recusandae facilis ex tempora sequi.', 'MASTER', 3, 18),
	('At ullam ipsa qui illo.', 'ADVANCED', 3, 50),
	('Laboriosam quisquam quae qui fugiat saepe expedita.', 'IMTERMEDIATE', 4, 21),
	('Aperiam totam dicta voluptas deleniti.', 'IMTERMEDIATE', 4, 32),
	('Doloribus quam minima.', 'IMTERMEDIATE', 5, 13),
	('Pariatur error dolorum eius perferendis placeat expedita.', 'MASTER', 5, 34),
	('Similique temporibus quidem provident distinctio reprehenderit voluptatibus.', 'BEGINER', 5, 38),
	('Cupiditate asperiores numquam architecto asperiores dolores provident numquam.', 'PROFESSIONAL', 5, 41),
	('Libero voluptas labore minima.', 'MASTER', 6, 17),
	('Impedit doloremque beatae.', 'MASTER', 6, 20),
	('Quae at consequatur praesentium laboriosam.', 'IMTERMEDIATE', 6, 28),
	('Necessitatibus magnam mollitia corporis ab.', 'PROFESSIONAL', 6, 40),
	('Accusantium dolore dignissimos culpa ipsa est.', 'BEGINER', 6, 41),
	('Perspiciatis mollitia animi quis dolorem.', 'PROFESSIONAL', 6, 42),
	('Voluptates cumque rem voluptatum.', 'MASTER', 7, 25),
	('Ipsam inventore a delectus vero tenetur tenetur.', 'ADVANCED', 7, 28),
	('Accusantium repellat pariatur doloribus dicta rerum.', 'MASTER', 7, 39),
	('Eius quaerat suscipit repudiandae.', 'IMTERMEDIATE', 7, 48),
	('In architecto provident nihil corporis debitis.', 'IMTERMEDIATE', 8, 41),
	('Quaerat quae corporis beatae.', 'PROFESSIONAL', 9, 22),
	('Ut quam odio.', 'ADVANCED', 10, 4),
	('Facilis deserunt excepturi.', 'IMTERMEDIATE', 10, 11),
	('Temporibus necessitatibus nihil cumque impedit.', 'ADVANCED', 10, 20),
	('Consectetur at sunt quia eligendi.', 'MASTER', 10, 22),
	('Saepe dolore soluta beatae illum quod itaque.', 'PROFESSIONAL', 10, 40),
	('Atque praesentium pariatur deleniti perspiciatis tenetur maiores tempora.', 'ADVANCED', 11, 7),
	('Perspiciatis at accusamus officia sed consectetur voluptatum tenetur.', 'MASTER', 11, 12),
	('Commodi molestiae assumenda accusamus et doloribus.', 'BEGINER', 11, 30),
	('Incidunt error placeat itaque fuga reprehenderit vero.', 'ADVANCED', 11, 38),
	('Atque quia voluptatum.', 'MASTER', 12, 2),
	('Vel nesciunt dolorum corporis architecto sapiente.', 'BEGINER', 12, 7),
	('Explicabo distinctio dolorum non dicta ex debitis laboriosam.', 'MASTER', 12, 17),
	('Deleniti labore voluptas.', 'BEGINER', 12, 21),
	('Dignissimos rem ut vel omnis in ab.', 'MASTER', 13, 5),
	('Numquam eum iste.', 'ADVANCED', 13, 23),
	('Pariatur sed doloremque beatae voluptatum incidunt molestiae.', 'IMTERMEDIATE', 13, 33),
	('Inventore voluptate blanditiis reprehenderit.', 'ADVANCED', 13, 37),
	('Doloribus repellat vitae voluptate ipsa error.', 'ADVANCED', 14, 31),
	('Eligendi dolores tempore neque quo ut mollitia.', 'ADVANCED', 14, 42),
	('Aut voluptatibus minima.', 'PROFESSIONAL', 15, 1),
	('Ducimus suscipit sed consequatur laboriosam quos magnam.', 'MASTER', 15, 6),
	('Aliquam sequi laboriosam.', 'ADVANCED', 15, 9),
	('Labore pariatur eius at.', 'PROFESSIONAL', 15, 42),
	('Eum illo dolorem itaque perspiciatis.', 'MASTER', 15, 48),
	('Iure reprehenderit facere corporis.', 'IMTERMEDIATE', 16, 4),
	('Ad soluta sequi iusto cupiditate debitis cumque error.', 'BEGINER', 16, 26),
	('Minima rerum beatae minus expedita quasi dolore neque.', 'IMTERMEDIATE', 17, 14),
	('Numquam necessitatibus maiores deleniti consectetur soluta.', 'MASTER', 17, 15),
	('Omnis sit illum quidem ipsa aliquid veritatis odio.', 'BEGINER', 17, 31),
	('Deserunt numquam possimus explicabo assumenda quo aliquam.', 'PROFESSIONAL', 18, 22),
	('Temporibus ratione soluta perspiciatis at.', 'PROFESSIONAL', 19, 51),
	('In natus consectetur asperiores voluptatum non impedit beatae.', 'IMTERMEDIATE', 20, 9),
	('Soluta autem doloremque ipsam.', 'ADVANCED', 20, 17),
	('Pariatur alias culpa tempora magnam quidem voluptatum saepe.', 'IMTERMEDIATE', 21, 27),
	('Illo dolore libero facere iste quis nulla.', 'BEGINER', 22, 36),
	('Doloremque nam nostrum alias tempore id.', 'ADVANCED', 23, 20),
	('Voluptatum aliquid deserunt pariatur soluta eos placeat modi.', 'ADVANCED', 23, 25),
	('A eum hic.', 'BEGINER', 23, 26),
	('Pariatur cumque voluptatibus omnis reiciendis optio.', 'IMTERMEDIATE', 23, 32),
	('Nisi voluptatum non repudiandae.', 'BEGINER', 23, 46),
	('Deserunt amet non perferendis provident.', 'ADVANCED', 24, 20),
	('Laborum rerum numquam itaque porro saepe.', 'ADVANCED', 24, 43),
	('Neque ea repudiandae assumenda molestias deserunt.', 'IMTERMEDIATE', 24, 46),
	('Consequatur vero sapiente aspernatur culpa.', 'ADVANCED', 25, 19),
	('Nam voluptates laborum blanditiis eius deserunt magnam quaerat.', 'MASTER', 25, 31),
	('Vitae tempore natus.', 'PROFESSIONAL', 25, 50),
	('Ullam ad vero delectus.', 'IMTERMEDIATE', 26, 4),
	('Beatae beatae ratione perspiciatis nulla commodi.', 'PROFESSIONAL', 26, 11),
	('Sequi animi non voluptates praesentium.', 'BEGINER', 27, 23),
	('Sint aut repellat odio.', 'ADVANCED', 27, 28),
	('Non sed occaecati asperiores impedit.', 'ADVANCED', 27, 30),
	('Ducimus odit commodi porro pariatur corporis vero.', 'PROFESSIONAL', 28, 19),
	('Possimus accusantium eveniet expedita sapiente ipsum.', 'IMTERMEDIATE', 28, 33),
	('Dolorem laudantium neque pariatur molestias totam doloribus velit.', 'ADVANCED', 28, 39),
	('Unde accusantium excepturi.', 'BEGINER', 28, 43),
	('Beatae itaque nemo beatae unde nesciunt quam repudiandae.', 'MASTER', 29, 2),
	('Laudantium dolorum nulla placeat fuga quae repellendus.', 'IMTERMEDIATE', 29, 7),
	('Mollitia quam accusantium deleniti eligendi itaque incidunt perferendis.', 'ADVANCED', 29, 10),
	('Inventore quod repudiandae.', 'ADVANCED', 29, 13),
	('Aperiam quis nulla culpa iusto laborum possimus.', 'ADVANCED', 29, 19),
	('Quae ut eaque vero adipisci.', 'ADVANCED', 29, 33),
	('Non explicabo corporis molestiae.', 'BEGINER', 29, 42),
	('Alias voluptatum architecto.', 'IMTERMEDIATE', 30, 2),
	('Accusantium repudiandae dolorem.', 'ADVANCED', 30, 5),
	('Nobis maiores consequuntur impedit nobis atque tempore veritatis.', 'ADVANCED', 30, 39),
	('Dolorum iure ipsum sed molestiae dolorem.', 'MASTER', 31, 2),
	('Architecto labore praesentium dignissimos similique eveniet.', 'BEGINER', 31, 3),
	('Inventore ipsum cum ex velit iusto velit.', 'BEGINER', 31, 18),
	('A quasi maxime.', 'PROFESSIONAL', 32, 21),
	('Tenetur quaerat rem sint neque esse dolorum mollitia.', 'ADVANCED', 33, 2),
	('Corporis nemo explicabo quibusdam iste.', 'MASTER', 33, 10),
	('Deserunt atque molestiae quis a.', 'BEGINER', 33, 15),
	('Error hic natus error dolor architecto quia.', 'BEGINER', 33, 19),
	('Provident nam ex tempore quo.', 'IMTERMEDIATE', 33, 20),
	('Deleniti error molestiae possimus at quaerat occaecati vero.', 'MASTER', 33, 36),
	('Impedit architecto perferendis voluptatum odio.', 'BEGINER', 34, 11),
	('Dolores aliquid expedita impedit deleniti iste reprehenderit.', 'BEGINER', 34, 14),
	('Nostrum nostrum tempora saepe ratione.', 'BEGINER', 34, 47),
	('Beatae quos reiciendis eius voluptatibus est.', 'ADVANCED', 35, 14),
	('Occaecati tenetur nemo libero dolorum nobis quidem autem.', 'MASTER', 35, 17),
	('Iure autem nobis repellat inventore.', 'BEGINER', 35, 43),
	('Hic totam esse officia.', 'PROFESSIONAL', 36, 13),
	('Nemo velit occaecati enim blanditiis ab.', 'IMTERMEDIATE', 36, 16),
	('Unde est doloremque illum sequi excepturi iste debitis.', 'BEGINER', 36, 18),
	('Ea sint vero accusamus delectus possimus.', 'ADVANCED', 36, 27),
	('Eos repudiandae nobis reiciendis vero.', 'BEGINER', 37, 9),
	('Ad earum vero reiciendis earum quia.', 'MASTER', 38, 9),
	('Sit aliquam magnam sit aperiam iusto omnis sint.', 'PROFESSIONAL', 38, 14),
	('Dolores aliquam nam dolor quis.', 'IMTERMEDIATE', 38, 50),
	('Iure pariatur quo quod sunt impedit officiis.', 'ADVANCED', 39, 23),
	('', 'MASTER', 40, 1),
	('', 'MASTER', 40, 5),
	('', 'MASTER', 40, 10),
	('Neque labore eveniet labore.', 'IMTERMEDIATE', 41, 10),
	('Ipsum porro odit suscipit.', 'PROFESSIONAL', 41, 11),
	('Cumque dolorem odio.', 'ADVANCED', 41, 14),
	('Quos officiis quae asperiores cum reprehenderit nisi id.', 'IMTERMEDIATE', 41, 21),
	('Veritatis laborum alias laudantium dolore nemo quisquam pariatur.', 'ADVANCED', 41, 25),
	('Vero distinctio sapiente aliquid nisi.', 'ADVANCED', 42, 26),
	('Excepturi dolorum consequatur commodi et ratione.', 'MASTER', 42, 48),
	('Nostrum praesentium laborum ipsum porro quo voluptas.', 'ADVANCED', 43, 5),
	('Ex dolores accusantium eveniet mollitia quia.', 'IMTERMEDIATE', 43, 25),
	('At blanditiis quidem.', 'IMTERMEDIATE', 43, 27),
	('Modi voluptatum nesciunt harum harum omnis ratione aliquam.', 'BEGINER', 43, 28),
	('Esse unde ullam nemo animi a.', 'IMTERMEDIATE', 43, 45),
	('Corrupti nemo a.', 'IMTERMEDIATE', 44, 37),
	('Facilis at eius culpa dolores.', 'PROFESSIONAL', 45, 4),
	('Dolore itaque quisquam quasi ullam magni.', 'ADVANCED', 45, 30),
	('Nisi tenetur aspernatur.', 'MASTER', 45, 45),
	('Maiores praesentium commodi incidunt ex perferendis.', 'ADVANCED', 45, 47),
	('Explicabo incidunt qui.', 'ADVANCED', 46, 11),
	('Illum libero vel velit expedita accusantium.', 'MASTER', 46, 33),
	('Occaecati officia sapiente possimus a minus tempora.', 'MASTER', 47, 2),
	('Alias laudantium deleniti odio iste.', 'MASTER', 47, 6),
	('Laborum repellat at reiciendis possimus neque.', 'IMTERMEDIATE', 47, 13),
	('Beatae facilis perferendis quis consequatur a.', 'PROFESSIONAL', 47, 47),
	('Laboriosam dignissimos placeat.', 'ADVANCED', 48, 18),
	('Beatae quas possimus sapiente laudantium earum.', 'BEGINER', 48, 25),
	('Unde illo perspiciatis voluptatem fuga ducimus labore asperiores.', 'MASTER', 48, 44),
	('Dolorem fuga ipsam pariatur.', 'PROFESSIONAL', 49, 32),
	('Cum suscipit dolore ducimus amet.', 'IMTERMEDIATE', 49, 39),
	('Repellat quis voluptatem nihil eum qui.', 'MASTER', 50, 22),
	('Voluptatum quam beatae voluptate.', 'PROFESSIONAL', 50, 44),
	('Sit soluta ullam minima facilis odit reprehenderit fugit.', 'MASTER', 50, 48),
	('Consequatur qui molestiae quidem eos.', 'IMTERMEDIATE', 51, 10),
	('Distinctio dignissimos quam officia.', 'IMTERMEDIATE', 51, 22),
	('Necessitatibus quisquam occaecati sint incidunt veritatis temporibus labore.', 'ADVANCED', 51, 50),
	('Doloremque vitae velit cupiditate quibusdam.', 'BEGINER', 52, 21),
	('Eligendi tempora officiis dignissimos quibusdam quis nemo.', 'BEGINER', 53, 14),
	('Atque aut reprehenderit vero velit quis.', 'ADVANCED', 53, 15),
	('Explicabo sit nobis incidunt dignissimos.', 'IMTERMEDIATE', 53, 43),
	('Impedit aspernatur incidunt odit libero inventore.', 'ADVANCED', 53, 49),
	('Ad dolorum ab voluptatum tempore porro eveniet.', 'PROFESSIONAL', 54, 6),
	('Facere consequatur quia beatae inventore reprehenderit.', 'ADVANCED', 54, 33),
	('Id dolor reiciendis explicabo quam consectetur a.', 'IMTERMEDIATE', 55, 4),
	('Rem minima accusamus omnis eaque laudantium deleniti.', 'PROFESSIONAL', 55, 11),
	('Nihil in in error sint.', 'BEGINER', 55, 23),
	('Dignissimos voluptates doloribus reiciendis nam ad.', 'MASTER', 55, 36),
	('Eos corrupti minima blanditiis dolor nostrum porro.', 'IMTERMEDIATE', 55, 47),
	('Ducimus atque officia officia eligendi eveniet quasi.', 'BEGINER', 55, 49),
	('Officiis aspernatur quae nam a.', 'MASTER', 56, 10),
	('Minima fugit cumque alias.', 'ADVANCED', 56, 17),
	('Numquam veniam similique a voluptatum.', 'BEGINER', 56, 46),
	('Eius doloribus perspiciatis veritatis veniam beatae quasi laboriosam.', 'ADVANCED', 56, 49),
	('Saepe nobis sunt fugiat enim laboriosam labore.', 'IMTERMEDIATE', 57, 14),
	('Eos placeat velit.', 'MASTER', 57, 17),
	('Asperiores suscipit illo voluptas beatae deleniti aliquid fugit.', 'ADVANCED', 57, 24),
	('Quidem nobis non hic nulla.', 'MASTER', 57, 29),
	('Beatae quo voluptatem quisquam.', 'BEGINER', 57, 31),
	('Et consectetur cum officiis rem esse molestias.', 'MASTER', 57, 37),
	('Magnam est numquam nostrum perspiciatis.', 'PROFESSIONAL', 57, 44),
	('Quod similique itaque tenetur.', 'BEGINER', 58, 5),
	('Autem blanditiis iusto nemo.', 'BEGINER', 58, 18),
	('Praesentium suscipit aliquid reprehenderit est.', 'IMTERMEDIATE', 58, 23),
	('Necessitatibus fugiat modi.', 'BEGINER', 59, 23),
	('Magni illo illum doloribus facere neque est.', 'ADVANCED', 59, 36),
	('Molestias voluptatibus laudantium fuga.', 'IMTERMEDIATE', 59, 37),
	('Velit eius dolores quis.', 'ADVANCED', 59, 42),
	('Rem laborum aut occaecati totam tenetur enim.', 'MASTER', 60, 10),
	('Earum corporis eveniet.', 'ADVANCED', 60, 40),
	('Architecto ducimus cupiditate qui.', 'PROFESSIONAL', 61, 16),
	('Impedit voluptatum sapiente impedit corrupti fugiat.', 'MASTER', 61, 18),
	('Alias sed nihil molestias.', 'IMTERMEDIATE', 61, 39),
	('Aspernatur maiores et praesentium voluptates voluptate.', 'BEGINER', 61, 48),
	('Quas laudantium ullam.', 'BEGINER', 62, 6),
	('Placeat officia culpa quo.', 'MASTER', 62, 22),
	('Eius maxime ducimus deleniti.', 'ADVANCED', 62, 28),
	('Similique maiores sapiente eum expedita quis.', 'ADVANCED', 62, 33),
	('Recusandae occaecati eligendi.', 'BEGINER', 62, 46),
	('Veritatis commodi nesciunt.', 'MASTER', 63, 1),
	('Provident quidem incidunt omnis rerum omnis debitis tempora.', 'BEGINER', 63, 12),
	('Modi labore culpa aperiam magni tempora voluptate.', 'ADVANCED', 63, 36),
	('Corrupti odio eligendi.', 'BEGINER', 63, 42),
	('Tempore animi maiores.', 'BEGINER', 64, 45),
	('Perspiciatis amet culpa cumque ipsum delectus minus possimus.', 'BEGINER', 65, 4),
	('Itaque veniam inventore vel.', 'MASTER', 65, 39),
	('Velit nisi qui nemo nostrum ea.', 'MASTER', 65, 48),
	('Quo dignissimos sit quidem in excepturi magnam.', 'ADVANCED', 66, 14),
	('Accusantium quasi nisi magni provident a optio suscipit.', 'IMTERMEDIATE', 66, 20),
	('Beatae sapiente consequuntur suscipit impedit magni quos nostrum.', 'BEGINER', 66, 22),
	('Provident hic dicta porro ut sunt saepe.', 'MASTER', 66, 50),
	('Accusamus enim qui qui.', 'ADVANCED', 67, 10),
	('Accusamus expedita asperiores voluptates exercitationem sapiente quasi aut.', 'PROFESSIONAL', 67, 24),
	('Et suscipit iusto dolore eligendi fuga.', 'PROFESSIONAL', 68, 4),
	('Facilis quis quibusdam.', 'ADVANCED', 68, 25),
	('Quo praesentium repellat eveniet eos ad maxime.', 'PROFESSIONAL', 68, 30),
	('Tempora qui asperiores.', 'MASTER', 69, 1),
	('Veritatis doloremque voluptatibus totam voluptate.', 'BEGINER', 69, 4),
	('Repudiandae omnis eligendi eius aperiam repellendus officiis at.', 'BEGINER', 69, 20),
	('Assumenda illo blanditiis nemo sunt saepe neque.', 'ADVANCED', 69, 46),
	('Tenetur quibusdam perspiciatis modi hic facere nihil minima.', 'ADVANCED', 70, 21),
	('Eius rem aliquam pariatur mollitia voluptatem aperiam perferendis.', 'MASTER', 70, 25),
	('Exercitationem maxime eius doloribus velit deleniti consectetur delectus.', 'PROFESSIONAL', 70, 33),
	('Iste ipsam iste iure esse minus ea.', 'BEGINER', 70, 37),
	('Exercitationem odit exercitationem ipsam.', 'IMTERMEDIATE', 71, 39),
	('Perferendis sequi tempora repellendus.', 'BEGINER', 71, 45),
	('Neque dicta facere aperiam.', 'IMTERMEDIATE', 72, 10),
	('Provident placeat nesciunt veritatis consequuntur consequuntur aspernatur.', 'PROFESSIONAL', 72, 21),
	('Iure similique doloribus consequuntur.', 'IMTERMEDIATE', 73, 22),
	('Adipisci cum tempora.', 'PROFESSIONAL', 73, 24),
	('Asperiores repellendus vitae facilis libero qui occaecati.', 'BEGINER', 73, 45),
	('Voluptatibus dolorem a vitae eius earum debitis minima.', 'BEGINER', 74, 1),
	('Dolores laborum excepturi eum magni.', 'ADVANCED', 74, 10),
	('Cumque eius debitis amet quisquam.', 'BEGINER', 74, 24),
	('Molestias architecto beatae.', 'ADVANCED', 74, 28),
	('Eaque quia ipsa nihil eaque repellendus tempore.', 'MASTER', 74, 34),
	('Magni voluptatem eos pariatur libero.', 'MASTER', 74, 45),
	('Consequuntur sed vero recusandae.', 'MASTER', 75, 8),
	('Illum sit molestias impedit sint vitae.', 'BEGINER', 76, 14),
	('Tempore delectus possimus quisquam.', 'MASTER', 76, 33),
	('Fuga perspiciatis reprehenderit facilis architecto non.', 'BEGINER', 76, 50),
	('At magni laboriosam corrupti quo culpa.', 'PROFESSIONAL', 77, 5),
	('Quasi error vel quam velit sapiente alias consequuntur.', 'IMTERMEDIATE', 77, 11),
	('Ad facere sunt natus placeat.', 'PROFESSIONAL', 77, 12),
	('Quod doloribus mollitia sed at sint nulla.', 'ADVANCED', 77, 26),
	('Exercitationem itaque aperiam deleniti fuga impedit.', 'IMTERMEDIATE', 78, 32),
	('Veniam architecto blanditiis quis.', 'PROFESSIONAL', 78, 51),
	('Saepe necessitatibus incidunt.', 'MASTER', 79, 7),
	('Minima delectus optio recusandae.', 'PROFESSIONAL', 79, 43),
	('Sit dolores autem voluptatum magnam odit.', 'IMTERMEDIATE', 80, 28),
	('A non aut omnis.', 'PROFESSIONAL', 80, 33),
	('Voluptatum ad exercitationem fuga vero.', 'MASTER', 80, 42),
	('Alias ea adipisci.', 'ADVANCED', 81, 13),
	('Nobis eum unde repellat eligendi dolores vel.', 'PROFESSIONAL', 81, 30),
	('Ab inventore distinctio.', 'PROFESSIONAL', 82, 3),
	('Id qui itaque culpa accusantium autem.', 'ADVANCED', 82, 4),
	('Possimus recusandae et.', 'ADVANCED', 82, 18),
	('Consectetur optio perferendis.', 'ADVANCED', 82, 28),
	('Fugiat enim tempore ipsa consequuntur incidunt culpa.', 'ADVANCED', 83, 5),
	('Possimus occaecati incidunt eveniet.', 'MASTER', 83, 16),
	('Omnis laboriosam modi dolorum minus.', 'ADVANCED', 83, 24),
	('Dolores officia ad delectus.', 'ADVANCED', 83, 32),
	('Dolores mollitia numquam illo magnam vel fuga soluta.', 'PROFESSIONAL', 83, 40),
	('Harum accusamus laboriosam quam veritatis totam illum.', 'ADVANCED', 84, 23),
	('Voluptatem quaerat iure magnam iste laboriosam.', 'IMTERMEDIATE', 84, 45),
	('Officia totam cumque voluptates earum eligendi.', 'PROFESSIONAL', 85, 16),
	('Quaerat ea quae reiciendis.', 'PROFESSIONAL', 85, 25),
	('Veritatis necessitatibus blanditiis delectus amet unde fuga.', 'BEGINER', 85, 27),
	('Quibusdam sunt consequatur error.', 'ADVANCED', 86, 9),
	('Repellat laboriosam rem dolore quidem.', 'ADVANCED', 86, 14),
	('Libero quisquam quae necessitatibus repellendus.', 'PROFESSIONAL', 86, 16),
	('Asperiores possimus adipisci nesciunt ipsa necessitatibus magnam.', 'ADVANCED', 86, 28),
	('Accusantium autem ratione nisi earum est dolorum.', 'MASTER', 86, 36),
	('Enim inventore tempore.', 'ADVANCED', 86, 47),
	('Autem voluptatum consequatur delectus necessitatibus accusantium ea rerum.', 'PROFESSIONAL', 87, 14),
	('Voluptatibus nulla laudantium ratione occaecati necessitatibus alias.', 'ADVANCED', 87, 19),
	('Corporis voluptas excepturi.', 'PROFESSIONAL', 87, 43),
	('Velit delectus fugit sint vel sit.', 'PROFESSIONAL', 88, 1),
	('Ducimus repellendus quis.', 'PROFESSIONAL', 88, 16),
	('Laborum incidunt dolor doloribus eligendi rem.', 'ADVANCED', 88, 17),
	('At expedita sapiente impedit repellat perspiciatis sequi accusamus.', 'BEGINER', 88, 33),
	('Quia animi iste consequuntur rem quasi in.', 'BEGINER', 88, 51),
	('Ratione labore a ratione mollitia optio quam voluptatum.', 'BEGINER', 89, 20),
	('Necessitatibus reiciendis eius temporibus quae.', 'MASTER', 90, 1),
	('Totam voluptatem mollitia sed quibusdam quaerat dolore sequi.', 'PROFESSIONAL', 90, 9),
	('Nobis reprehenderit ad non tempore.', 'PROFESSIONAL', 90, 41),
	('Assumenda consequuntur dolores.', 'PROFESSIONAL', 90, 42),
	('Pariatur nesciunt natus magnam.', 'IMTERMEDIATE', 90, 49),
	('Officiis deleniti quo recusandae sint.', 'IMTERMEDIATE', 91, 3),
	('Blanditiis facere eum dolor dolore.', 'IMTERMEDIATE', 91, 23),
	('Unde facilis esse eligendi dicta.', 'MASTER', 91, 25),
	('Distinctio consequatur eum voluptates nostrum.', 'PROFESSIONAL', 91, 30),
	('Quaerat velit omnis laboriosam dolore tenetur.', 'ADVANCED', 91, 36),
	('Dignissimos minus recusandae asperiores laborum quisquam ad.', 'ADVANCED', 91, 41),
	('Culpa provident autem dolorem unde.', 'BEGINER', 92, 5),
	('Commodi rerum ullam.', 'IMTERMEDIATE', 92, 7),
	('Voluptates sequi sed nam.', 'BEGINER', 92, 35),
	('Incidunt nostrum placeat quia velit optio libero.', 'ADVANCED', 93, 5),
	('Excepturi in atque.', 'IMTERMEDIATE', 93, 27),
	('Culpa non minus optio ullam.', 'BEGINER', 93, 48),
	('Nihil minima accusantium voluptate quo velit nihil occaecati.', 'BEGINER', 94, 3),
	('Animi minus dolor omnis repudiandae animi veritatis.', 'BEGINER', 94, 16),
	('Aliquid adipisci blanditiis officiis laborum adipisci deleniti sunt.', 'BEGINER', 94, 23),
	('Reiciendis labore harum.', 'ADVANCED', 94, 32),
	('Assumenda rem consectetur in voluptates.', 'IMTERMEDIATE', 95, 25),
	('Praesentium corporis beatae magni.', 'ADVANCED', 95, 38),
	('Delectus unde earum cum.', 'IMTERMEDIATE', 96, 8),
	('Consequatur tempora non officia sit.', 'BEGINER', 96, 15),
	('Nemo non doloribus ullam earum numquam aliquam voluptas.', 'IMTERMEDIATE', 96, 17),
	('Fugiat id perspiciatis voluptas architecto.', 'IMTERMEDIATE', 96, 48),
	('Quae eaque iusto voluptatibus reprehenderit consequuntur quae.', 'MASTER', 97, 9),
	('Quos enim odit corrupti sapiente alias fugiat tenetur.', 'IMTERMEDIATE', 97, 14),
	('Ipsam iste tenetur odio possimus ex commodi.', 'PROFESSIONAL', 97, 26),
	('Consequatur in reprehenderit quod.', 'ADVANCED', 98, 5),
	('Necessitatibus dolorem sit.', 'PROFESSIONAL', 98, 15),
	('Molestiae laboriosam blanditiis eaque unde id laborum dolorem.', 'BEGINER', 98, 17),
	('Omnis minus ducimus nesciunt magnam.', 'PROFESSIONAL', 98, 21),
	('Impedit tenetur porro consequatur laudantium earum temporibus libero.', 'MASTER', 98, 30),
	('Id quasi libero aliquam.', 'MASTER', 98, 36),
	('Eius debitis animi expedita inventore.', 'BEGINER', 99, 20),
	('Accusantium veniam exercitationem.', 'MASTER', 99, 34),
	('Aspernatur laboriosam repellat quae nobis tempora facilis aperiam.', 'BEGINER', 100, 49),
	('Ad tempora beatae perferendis totam sint.', 'ADVANCED', 101, 27),
	('Voluptatum dolorum debitis magni similique.', 'PROFESSIONAL', 102, 5),
	('Dolorem dicta similique nesciunt laborum perspiciatis eum.', 'MASTER', 103, 19),
	('Molestias aperiam voluptatibus enim reprehenderit quasi molestiae iusto.', 'BEGINER', 103, 36),
	('Saepe rem magnam.', 'IMTERMEDIATE', 104, 31),
	('Ipsa eveniet blanditiis tempora nulla tenetur odit.', 'MASTER', 104, 34),
	('Provident veritatis laborum eligendi quisquam blanditiis temporibus.', 'BEGINER', 104, 37),
	('Sunt iure tenetur repellat.', 'PROFESSIONAL', 105, 4),
	('Tenetur cupiditate recusandae magni velit.', 'BEGINER', 105, 6),
	('Soluta corrupti nam dolorum sit natus.', 'MASTER', 105, 13),
	('Officia debitis ab doloribus fugit doloribus animi dolore.', 'IMTERMEDIATE', 106, 26),
	('Sit error tempora expedita soluta pariatur.', 'PROFESSIONAL', 106, 31),
	('Tempore magni maiores saepe unde natus magnam tempore.', 'ADVANCED', 107, 6),
	('Quos fugit iste nobis sunt.', 'BEGINER', 107, 31),
	('Excepturi non ipsam pariatur ullam nulla sequi.', 'IMTERMEDIATE', 107, 42),
	('Earum aliquid facilis odit deleniti.', 'ADVANCED', 108, 5),
	('Aspernatur distinctio aut rerum officia.', 'PROFESSIONAL', 109, 46),
	('Saepe vero vero voluptates qui nesciunt.', 'IMTERMEDIATE', 109, 49),
	('Numquam molestias tenetur exercitationem facere saepe.', 'MASTER', 110, 5),
	('Velit magni nobis cum.', 'BEGINER', 110, 29),
	('Tempore exercitationem saepe.', 'PROFESSIONAL', 111, 31),
	('Quidem voluptate sunt ratione libero.', 'PROFESSIONAL', 111, 39),
	('Sunt odio laudantium quod nostrum provident repellat.', 'IMTERMEDIATE', 112, 12),
	('Cupiditate officia nemo molestiae culpa harum molestias numquam.', 'MASTER', 113, 6),
	('Eius optio minima aspernatur laudantium sint.', 'PROFESSIONAL', 113, 12),
	('Libero minima eius eius quis.', 'IMTERMEDIATE', 113, 31),
	('Voluptate sed illum quae animi assumenda reiciendis architecto.', 'PROFESSIONAL', 114, 8),
	('Sapiente cupiditate necessitatibus id rerum.', 'MASTER', 115, 22),
	('Soluta iste sed voluptas molestias.', 'BEGINER', 116, 5),
	('Quam possimus aliquid.', 'IMTERMEDIATE', 116, 29),
	('Illum eius ipsa laborum.', 'ADVANCED', 117, 10),
	('Harum doloribus dolores provident alias tenetur eos.', 'MASTER', 117, 13),
	('Accusantium commodi vitae dicta.', 'PROFESSIONAL', 117, 29),
	('Expedita dolorem quidem praesentium.', 'MASTER', 117, 35),
	('Soluta incidunt quas quod eos perferendis.', 'MASTER', 117, 40),
	('Dicta eum eveniet eius tenetur odit cumque iste.', 'BEGINER', 118, 5),
	('Enim labore blanditiis tempora dolores minima eaque.', 'PROFESSIONAL', 118, 18),
	('Officiis neque culpa recusandae mollitia odio magni vero.', 'BEGINER', 118, 29),
	('Dolorem fuga dignissimos sit eum autem quisquam.', 'PROFESSIONAL', 119, 1),
	('Quos iusto maxime ullam molestiae.', 'PROFESSIONAL', 119, 13),
	('Ullam repellat inventore molestias nemo nesciunt quisquam.', 'ADVANCED', 119, 31),
	('Animi laboriosam odit ratione quisquam esse doloribus.', 'BEGINER', 120, 25),
	('Alias nihil error mollitia quia debitis natus natus.', 'BEGINER', 120, 51),
	('Fugiat vero nihil quae atque.', 'BEGINER', 121, 9),
	('Rem dolore rerum ipsa architecto esse nemo.', 'PROFESSIONAL', 122, 35),
	('Quibusdam dolorem eaque nemo neque ea consectetur.', 'ADVANCED', 122, 44),
	('Aspernatur labore voluptas velit.', 'BEGINER', 123, 17),
	('Asperiores magni cumque soluta expedita totam.', 'ADVANCED', 123, 37),
	('Eaque sequi asperiores consequatur doloremque nulla.', 'ADVANCED', 123, 44),
	('Vel quaerat facere nostrum veritatis quos.', 'BEGINER', 124, 20),
	('Asperiores ullam veniam officiis.', 'IMTERMEDIATE', 124, 41),
	('Quis eum debitis inventore.', 'BEGINER', 125, 37),
	('Atque ipsum recusandae eos id.', 'ADVANCED', 126, 1),
	('Commodi adipisci mollitia inventore nostrum molestiae.', 'ADVANCED', 127, 1),
	('Nihil praesentium totam at saepe deleniti placeat tempore.', 'MASTER', 127, 37),
	('Tempora nulla doloribus expedita aperiam.', 'PROFESSIONAL', 127, 49),
	('Facere libero voluptas perferendis pariatur necessitatibus sapiente.', 'PROFESSIONAL', 128, 28),
	('Dolorem quibusdam voluptas neque rerum debitis.', 'BEGINER', 128, 47),
	('Alias soluta tempore incidunt consequuntur asperiores quasi dolorum.', 'BEGINER', 129, 1),
	('Maxime consectetur consectetur sequi quia ipsum vel ea.', 'MASTER', 130, 17),
	('Ducimus dolorem consequatur dolore.', 'MASTER', 130, 26),
	('Perferendis odio pariatur reprehenderit repellat cum deserunt illum.', 'PROFESSIONAL', 130, 36),
	('Ab sint necessitatibus commodi perspiciatis commodi.', 'BEGINER', 130, 38),
	('Quibusdam autem odit aspernatur.', 'IMTERMEDIATE', 131, 26),
	('Tenetur vitae placeat neque corrupti deserunt.', 'PROFESSIONAL', 131, 39),
	('Modi non illo voluptatibus doloremque eum.', 'MASTER', 131, 40),
	('Enim maiores eos voluptas.', 'IMTERMEDIATE', 132, 10),
	('Autem odit molestias quos magnam totam sapiente.', 'MASTER', 132, 32),
	('Soluta hic at doloremque.', 'MASTER', 133, 6),
	('Beatae dicta cum iure harum.', 'BEGINER', 133, 27),
	('Recusandae unde necessitatibus nostrum repudiandae deleniti eos.', 'PROFESSIONAL', 133, 39),
	('Eveniet sit natus rem distinctio similique officia.', 'ADVANCED', 133, 49),
	('Dolorum sequi veniam dolores excepturi fuga perspiciatis.', 'PROFESSIONAL', 134, 29),
	('Consectetur sunt excepturi assumenda quia iusto.', 'PROFESSIONAL', 134, 47),
	('Alias veritatis suscipit.', 'MASTER', 135, 45),
	('Facilis cumque libero necessitatibus quaerat recusandae molestias dolore.', 'IMTERMEDIATE', 136, 4),
	('Aspernatur eligendi debitis.', 'MASTER', 136, 9),
	('Corrupti dicta labore assumenda.', 'MASTER', 136, 38),
	('Quia voluptatem maxime aliquid corrupti vitae ad.', 'ADVANCED', 136, 40),
	('Sed ratione blanditiis occaecati eaque est non ipsum.', 'MASTER', 137, 12),
	('Dolor placeat optio nulla hic deleniti.', 'MASTER', 137, 15),
	('Qui iure vero sunt.', 'MASTER', 137, 33),
	('Modi unde velit accusamus.', 'ADVANCED', 137, 37),
	('Officia nostrum dolore officia.', 'ADVANCED', 137, 43),
	('Sit odit dicta optio sint inventore voluptas asperiores.', 'ADVANCED', 138, 3),
	('Asperiores iusto magnam et.', 'BEGINER', 138, 23),
	('Eum consectetur harum velit eveniet aperiam numquam corrupti.', 'BEGINER', 138, 51),
	('Hieu biet ro ve HTML/CSS', 'ADVANCED', 139, 5),
	('Co kinh nghiem ngo ngu C# > 3 nam', 'BEGINER', 139, 10),
	('Temporibus culpa minus nisi.', 'MASTER', 139, 29),
	('Perspiciatis aperiam provident.', 'IMTERMEDIATE', 140, 28),
	('Provident voluptatum nobis adipisci totam aspernatur eligendi.', 'BEGINER', 141, 19),
	('Minus numquam sapiente laborum rerum natus sit.', 'PROFESSIONAL', 142, 37),
	('Sequi vel molestiae distinctio velit ad quasi.', 'MASTER', 142, 41),
	('Illum cum voluptate quo nobis nobis sit consectetur.', 'MASTER', 143, 6),
	('Debitis deserunt quam.', 'PROFESSIONAL', 143, 8),
	('Nesciunt hic porro eos minus quos asperiores ab.', 'MASTER', 143, 15),
	('Voluptas magnam cum beatae dicta eius magnam repellendus.', 'PROFESSIONAL', 143, 28),
	('Officiis quas quibusdam.', 'PROFESSIONAL', 144, 21),
	('Dolor ea cumque tenetur.', 'IMTERMEDIATE', 144, 44),
	('Sint amet ad numquam fugit corrupti numquam.', 'BEGINER', 145, 4),
	('Sed esse voluptatem aspernatur totam nulla illum.', 'ADVANCED', 145, 22),
	('Soluta veritatis placeat sunt nostrum.', 'IMTERMEDIATE', 145, 46),
	('Explicabo labore ipsam.', 'BEGINER', 146, 17),
	('Tempore impedit recusandae voluptates recusandae reiciendis tempore ratione.', 'PROFESSIONAL', 146, 21),
	('Sequi ea voluptate eos.', 'ADVANCED', 147, 26),
	('Sequi qui fugit minima repudiandae odit minus exercitationem.', 'IMTERMEDIATE', 147, 27),
	('Architecto voluptates quisquam cumque incidunt ex ratione et.', 'BEGINER', 148, 1),
	('Ad fugit excepturi maxime quod explicabo possimus.', 'BEGINER', 148, 31),
	('Dolores eum voluptas beatae.', 'IMTERMEDIATE', 148, 35),
	('Ea iusto est fugit quis molestiae fugiat.', 'ADVANCED', 149, 20),
	('Eligendi ipsa tempora.', 'MASTER', 149, 39),
	('Ut eius veritatis.', 'ADVANCED', 150, 4),
	('Quos culpa perspiciatis itaque.', 'BEGINER', 150, 38),
	('Recusandae maxime earum ducimus optio quidem tempora.', 'ADVANCED', 150, 45),
	('Adipisci debitis tenetur.', 'BEGINER', 151, 1),
	('Itaque autem at blanditiis hic ipsum.', 'BEGINER', 151, 14),
	('Beatae dolorum voluptas explicabo neque.', 'ADVANCED', 152, 8),
	('Repellendus ipsa doloremque necessitatibus impedit laborum.', 'BEGINER', 152, 9),
	('Delectus perferendis impedit animi totam minima et mollitia.', 'IMTERMEDIATE', 153, 9),
	('Laudantium fugiat rem qui dolores facere quaerat sint.', 'PROFESSIONAL', 153, 11),
	('Placeat occaecati sed esse odio.', 'ADVANCED', 153, 13),
	('Repudiandae quae corporis rem.', 'ADVANCED', 153, 33),
	('Doloribus suscipit ea.', 'ADVANCED', 153, 34),
	('Placeat atque libero repellat sequi.', 'PROFESSIONAL', 153, 36),
	('Consequatur veniam labore asperiores dolore et sint nesciunt.', 'MASTER', 154, 28),
	('Dolore accusamus soluta totam eligendi veritatis quisquam.', 'IMTERMEDIATE', 154, 40),
	('Incidunt quos blanditiis libero veniam et.', 'ADVANCED', 155, 2),
	('Culpa neque nam molestias officiis architecto tempora.', 'IMTERMEDIATE', 155, 27),
	('Repellendus nobis maxime perferendis atque.', 'IMTERMEDIATE', 156, 42),
	('Voluptas repellendus ducimus iste unde.', 'PROFESSIONAL', 157, 50),
	('Sint velit nulla occaecati labore.', 'PROFESSIONAL', 158, 8),
	('Similique quod placeat repudiandae facilis suscipit officia natus.', 'MASTER', 158, 45),
	('Iusto ea minus nam voluptate architecto.', 'PROFESSIONAL', 159, 1),
	('Illo nobis voluptate a veniam sapiente hic.', 'IMTERMEDIATE', 159, 12),
	('Dignissimos maiores dolorem exercitationem repellat similique doloribus.', 'MASTER', 159, 38),
	('Optio quibusdam veniam magnam.', 'IMTERMEDIATE', 160, 24),
	('Sed quam veniam dolor officia.', 'ADVANCED', 161, 21),
	('Officia minus itaque magnam quod mollitia.', 'MASTER', 162, 7),
	('Earum porro facilis nihil fugit placeat nihil numquam.', 'MASTER', 162, 8),
	('Voluptas quae ad.', 'PROFESSIONAL', 162, 14),
	('', 'MASTER', 163, 1),
	('', 'MASTER', 163, 4),
	('', 'MASTER', 163, 12),
	('', 'MASTER', 163, 13),
	('Hieu ro va biet cach su dung git mot cach ranh mach', 'BEGINER', 163, 15),
	('Tempore rerum est.', 'ADVANCED', 164, 9),
	('Sed harum eaque itaque laudantium.', 'IMTERMEDIATE', 164, 23),
	('Explicabo laudantium cum.', 'PROFESSIONAL', 164, 33),
	('Repudiandae cupiditate vitae deserunt est ratione numquam.', 'IMTERMEDIATE', 165, 1),
	('Libero asperiores quisquam alias necessitatibus.', 'IMTERMEDIATE', 165, 9),
	('Eum magni amet maiores laudantium tenetur.', 'MASTER', 166, 2),
	('Inventore molestiae quam quam.', 'IMTERMEDIATE', 166, 26),
	('Alias adipisci ea.', 'IMTERMEDIATE', 167, 26),
	('At animi quis odio quod fugiat.', 'MASTER', 167, 47),
	('Error molestias quibusdam accusantium esse amet optio.', 'IMTERMEDIATE', 168, 3),
	('Quaerat praesentium porro.', 'IMTERMEDIATE', 168, 5),
	('Natus illo debitis eveniet sed explicabo odit.', 'IMTERMEDIATE', 168, 48),
	('Modi quas atque hic ad tempora cumque laudantium.', 'ADVANCED', 169, 42),
	('Officiis doloribus dolore saepe nemo ipsa fugiat.', 'BEGINER', 169, 48),
	('Veniam perferendis officia.', 'ADVANCED', 170, 24),
	('Ea alias reiciendis earum sequi accusamus perferendis.', 'ADVANCED', 170, 37),
	('Rerum cum quasi quis qui doloremque optio autem.', 'BEGINER', 171, 18),
	('Provident iure deserunt labore ullam.', 'ADVANCED', 171, 39),
	('Nemo sequi tenetur.', 'BEGINER', 172, 3),
	('Possimus distinctio sapiente praesentium voluptatum suscipit.', 'BEGINER', 172, 17),
	('Velit eligendi omnis.', 'IMTERMEDIATE', 173, 23),
	('Sunt molestiae repudiandae ab laborum cupiditate.', 'ADVANCED', 173, 31),
	('Suscipit illo excepturi asperiores iste maiores.', 'IMTERMEDIATE', 173, 35),
	('Totam distinctio nobis sed esse ipsum ducimus.', 'PROFESSIONAL', 174, 9),
	('Dicta sapiente beatae a accusantium tenetur.', 'PROFESSIONAL', 174, 26),
	('Quod velit voluptatum nostrum.', 'BEGINER', 175, 3),
	('Nostrum quas voluptatum ipsa.', 'IMTERMEDIATE', 176, 16),
	('Quaerat accusantium minima vero ab.', 'BEGINER', 177, 45),
	('Quos soluta accusantium.', 'MASTER', 178, 6),
	('Voluptates neque dolorum provident consequuntur temporibus itaque.', 'PROFESSIONAL', 178, 16),
	('Incidunt reiciendis ut hic laboriosam.', 'PROFESSIONAL', 178, 22),
	('Perferendis quo nisi odit natus.', 'BEGINER', 178, 40),
	('Omnis dignissimos rerum alias adipisci vero.', 'ADVANCED', 178, 44),
	('Ad hic cupiditate tempore ut expedita.', 'PROFESSIONAL', 179, 44),
	('Excepturi eligendi accusantium.', 'PROFESSIONAL', 180, 31),
	('Incidunt quibusdam sequi ipsam quibusdam nisi eaque.', 'IMTERMEDIATE', 181, 8),
	('Aliquam consequuntur ea cupiditate.', 'MASTER', 182, 21),
	('Dolorum dolorem voluptatum aliquid similique asperiores ipsum quas.', 'BEGINER', 182, 28),
	('Vitae provident minima facere ipsum nesciunt veritatis a.', 'ADVANCED', 182, 42),
	('Esse illo impedit blanditiis dolore.', 'PROFESSIONAL', 183, 10),
	('Minima rerum beatae minus expedita quasi dolore neque.', 'IMTERMEDIATE', 183, 14),
	('Numquam necessitatibus maiores deleniti consectetur soluta.', 'MASTER', 183, 15),
	('Sunt vitae quasi.', 'ADVANCED', 183, 22),
	('Sed expedita nam.', 'IMTERMEDIATE', 183, 29),
	('A eaque omnis sit.', 'MASTER', 184, 8),
	('Dolor aliquam quod.', 'ADVANCED', 184, 13),
	('Unde quod molestiae tempora.', 'IMTERMEDIATE', 184, 36),
	('Error molestias officia totam impedit asperiores repudiandae.', 'MASTER', 185, 5),
	('Amet iure quia inventore dolores.', 'MASTER', 185, 9),
	('Laudantium error consequatur delectus ipsam vel esse.', 'PROFESSIONAL', 186, 10),
	('Earum in error ipsum.', 'PROFESSIONAL', 186, 14),
	('Quidem sapiente distinctio ad aut aspernatur impedit ipsa.', 'PROFESSIONAL', 186, 25),
	('Quam minus animi expedita.', 'ADVANCED', 186, 46),
	('Tenetur quaerat rem sint neque esse dolorum mollitia.', 'ADVANCED', 187, 2),
	('Corporis nemo explicabo quibusdam iste.', 'MASTER', 187, 10),
	('Omnis sit illum quidem ipsa aliquid veritatis odio.', 'BEGINER', 187, 31),
	('Deserunt atque molestiae quis a.', 'BEGINER', 188, 15),
	('Error hic natus error dolor architecto quia.', 'BEGINER', 188, 19),
	('Provident nam ex tempore quo.', 'IMTERMEDIATE', 188, 20),
	('Deleniti error molestiae possimus at quaerat occaecati vero.', 'MASTER', 188, 36),
	('A mollitia neque placeat.', 'BEGINER', 189, 2),
	('Accusamus enim qui qui.', 'ADVANCED', 190, 10),
	('Tenetur quibusdam perspiciatis modi hic facere nihil minima.', 'ADVANCED', 190, 21),
	('Accusamus expedita asperiores voluptates exercitationem sapiente quasi aut.', 'PROFESSIONAL', 190, 24),
	('Eius rem aliquam pariatur mollitia voluptatem aperiam perferendis.', 'MASTER', 190, 25),
	('Exercitationem maxime eius doloribus velit deleniti consectetur delectus.', 'PROFESSIONAL', 190, 33),
	('Velit unde eum nam non fuga.', 'PROFESSIONAL', 191, 1),
	('Suscipit eligendi quae tempore velit eius sapiente.', 'MASTER', 191, 19),
	('Et corrupti hic incidunt repellendus quibusdam exercitationem.', 'PROFESSIONAL', 191, 51),
	('Sequi sint eaque laboriosam.', 'MASTER', 192, 13),
	('Rerum commodi debitis magnam repellat est reprehenderit.', 'ADVANCED', 192, 18),
	('Blanditiis reprehenderit laboriosam nostrum.', 'IMTERMEDIATE', 192, 25),
	('Architecto molestiae hic optio quasi perferendis ut quidem.', 'BEGINER', 192, 30),
	('Temporibus necessitatibus accusantium.', 'PROFESSIONAL', 192, 39),
	('Voluptate molestias natus sapiente.', 'IMTERMEDIATE', 192, 48),
	('Sunt iure tenetur repellat.', 'PROFESSIONAL', 193, 4),
	('Tenetur cupiditate recusandae magni velit.', 'BEGINER', 193, 6),
	('Saepe rem magnam.', 'IMTERMEDIATE', 193, 31),
	('Ipsa eveniet blanditiis tempora nulla tenetur odit.', 'MASTER', 193, 34),
	('Iste ipsam iste iure esse minus ea.', 'BEGINER', 193, 37),
	('Quasi expedita eos voluptatibus dolore.', 'PROFESSIONAL', 194, 31),
	('Officiis sapiente fugiat.', 'MASTER', 194, 34),
	('Nesciunt quidem aliquid eligendi rem error laudantium qui.', 'MASTER', 194, 48),
	('Quae ducimus blanditiis accusantium ea.', 'PROFESSIONAL', 195, 21),
	('Assumenda quia deleniti iste incidunt.', 'BEGINER', 195, 36),
	('Eum iusto porro ipsa iure.', 'BEGINER', 195, 50),
	('Modi quis quod magni a.', 'IMTERMEDIATE', 196, 12),
	('Quia nihil earum.', 'BEGINER', 196, 39),
	('A recusandae blanditiis numquam sed quidem tempore rem.', 'IMTERMEDIATE', 197, 16),
	('Perferendis tempore eligendi molestiae magnam dicta est ducimus.', 'MASTER', 197, 27),
	('Sit minima harum ex.', 'BEGINER', 198, 3),
	('Deserunt expedita blanditiis tempora unde libero.', 'MASTER', 198, 7),
	('Architecto animi et maiores autem sequi animi.', 'BEGINER', 198, 8),
	('Java core', 'BEGINER', 204, 1),
	('Hieu biet ro ve HTML/CSS', 'ADVANCED', 204, 5),
	('Hieu ro va biet cach su dung git mot cach ranh mach', 'ADVANCED', 204, 12),
	('Java core', 'MASTER', 206, 1),
	('Hieu ro va biet cach su dung git mot cach ranh mach', 'ADVANCED', 206, 12),
	('Co kinh nghiem ngo ngu C# > 3 nam', 'BEGINER', 206, 48),
	('Co kinh nghiem ngo ngu C# > 3 nam', 'ADVANCED', 207, 13),
	('Java core', 'MASTER', 207, 18),
	('Java core', 'ADVANCED', 208, 1),
	('Hieu biet ro ve HTML/CSS', 'BEGINER', 208, 3),
	('Hieu ro va biet cach su dung git mot cach ranh mach', 'BEGINER', 208, 12),
	('Hieu biet ro ve HTML/CSS', 'ADVANCED', 209, 5),
	('Co kinh nghiem ngo ngu C# > 3 nam', 'BEGINER', 209, 10),
	('Temporibus culpa minus nisi.', 'MASTER', 209, 29),
	('', 'ADVANCED', 210, 4),
	('', 'PROFESSIONAL', 210, 6),
	('', 'MASTER', 210, 9),
	('Hieu biet ve python va lam viec duoc voi python', 'BEGINER', 211, 2),
	('Hieu biet ro ve HTML/CSS', 'ADVANCED', 211, 5),
	('Co lam viec qua voi nodejs', 'PROFESSIONAL', 211, 9),
	('Java core', 'BEGINER', 212, 1),
	('Hieu ro ve CSDL quan he SQL', 'BEGINER', 212, 3);

/*!40103 SET TIME_ZONE=IFNULL(@OLD_TIME_ZONE, 'system') */;
/*!40101 SET SQL_MODE=IFNULL(@OLD_SQL_MODE, '') */;
/*!40014 SET FOREIGN_KEY_CHECKS=IFNULL(@OLD_FOREIGN_KEY_CHECKS, 1) */;
/*!40101 SET CHARACTER_SET_CLIENT=@OLD_CHARACTER_SET_CLIENT */;
/*!40111 SET SQL_NOTES=IFNULL(@OLD_SQL_NOTES, 1) */;
