-- --------------------------------------------------------
-- Host:                         127.0.0.1
-- Server version:               11.3.2-MariaDB - mariadb.org binary distribution
-- Server OS:                    Win64
-- HeidiSQL Version:             12.6.0.6765
-- --------------------------------------------------------

/*!40101 SET @OLD_CHARACTER_SET_CLIENT=@@CHARACTER_SET_CLIENT */;
/*!40101 SET NAMES utf8 */;
/*!50503 SET NAMES utf8mb4 */;
/*!40103 SET @OLD_TIME_ZONE=@@TIME_ZONE */;
/*!40103 SET TIME_ZONE='+00:00' */;
/*!40014 SET @OLD_FOREIGN_KEY_CHECKS=@@FOREIGN_KEY_CHECKS, FOREIGN_KEY_CHECKS=0 */;
/*!40101 SET @OLD_SQL_MODE=@@SQL_MODE, SQL_MODE='NO_AUTO_VALUE_ON_ZERO' */;
/*!40111 SET @OLD_SQL_NOTES=@@SQL_NOTES, SQL_NOTES=0 */;


-- Dumping database structure for works
CREATE DATABASE IF NOT EXISTS `works` /*!40100 DEFAULT CHARACTER SET latin1 COLLATE latin1_swedish_ci */;
USE `works`;

-- Dumping structure for table works.address
CREATE TABLE IF NOT EXISTS `address` (
  `id` bigint(20) NOT NULL AUTO_INCREMENT,
  `street` varchar(150) DEFAULT NULL,
  `city` varchar(50) DEFAULT NULL,
  `country` smallint(6) DEFAULT NULL,
  `number` varchar(20) DEFAULT NULL,
  `zipcode` varchar(7) DEFAULT NULL,
  PRIMARY KEY (`id`)
) ENGINE=InnoDB AUTO_INCREMENT=100 DEFAULT CHARSET=latin1 COLLATE=latin1_swedish_ci;

-- Dumping data for table works.address: ~99 rows (approximately)
INSERT INTO `address` (`id`, `street`, `city`, `country`, `number`, `zipcode`) VALUES
	(1, 'Ligia Camp', 'North Marylou', 101, '380', '14765'),
	(2, 'Harold Pike', 'New Leonida', 176, '975', '19864'),
	(3, 'Russel Passage', 'North Juan', 218, '8887', '98888'),
	(4, 'Blair Mission', 'Lake Irinashire', 45, '35662', '00378'),
	(5, 'Lean Villages', 'Maxwellmouth', 11, '272', '59052'),
	(6, 'Yundt Harbor', 'Candicemouth', 182, '670', '65926'),
	(7, 'Veum Junction', 'Florborough', 75, '315', '69709'),
	(8, 'Mikel Garden', 'Considinechester', 194, '50420', '48027'),
	(9, 'Zieme Viaduct', 'Hillmouth', 231, '6763', '77979'),
	(10, 'Hank Common', 'Lake Gwenda', 241, '631', '56558'),
	(11, 'Jeffrey Avenue', 'South Marciaside', 86, '6647', '19904'),
	(12, 'Willa Shore', 'South Antoniomouth', 42, '324', '60101'),
	(13, 'Littel Dam', 'East Evie', 132, '3377', '15498'),
	(14, 'Kemmer Bypass', 'Lake Kenabury', 142, '916', '12635'),
	(15, 'Brendon Route', 'West Geralynton', 129, '6613', '10959'),
	(16, 'Brekke Junction', 'Franville', 174, '945', '04910'),
	(17, 'Jada Plains', 'Hellerchester', 141, '99243', '92903'),
	(18, 'George Stravenue', 'Herzogton', 148, '9420', '42844'),
	(19, 'Ziemann Fords', 'Herzogstad', 64, '8697', '61998'),
	(20, 'Shad Trace', 'South Cornellport', 160, '031', '52022'),
	(21, 'Bergstrom Plain', 'New Davidbury', 121, '193', '55710'),
	(22, 'Angelena Square', 'New Barryshire', 32, '35093', '27062'),
	(23, 'Armstrong Turnpike', 'Janemouth', 32, '44538', '05648'),
	(24, 'Tonette Fields', 'Mohrberg', 160, '5745', '73510'),
	(25, 'Michael Row', 'Lake Iolafort', 65, '551', '69912'),
	(26, 'Deeann Glen', 'West Marie', 199, '817', '37615'),
	(27, 'Block Terrace', 'Gladisfort', 188, '031', '07079'),
	(28, 'Rohan Ridge', 'Port Azucena', 163, '0664', '97140'),
	(29, 'Ivelisse Bypass', 'South Sandeeville', 184, '8125', '63838'),
	(30, 'Quigley Radial', 'Kuphalfurt', 122, '34985', '40485'),
	(31, 'Marks Fall', 'Edenstad', 58, '19322', '73401'),
	(32, 'Selene Port', 'Belvabury', 28, '645', '59338'),
	(33, 'Rodolfo Fields', 'South Leisaberg', 51, '579', '69811'),
	(34, 'Paige Extensions', 'Andersonside', 242, '3193', '16797'),
	(35, 'Johnson Overpass', 'North Shavonborough', 209, '012', '93561'),
	(36, 'Sporer Island', 'Joeyville', 206, '760', '48886'),
	(37, 'Anton Ville', 'North Vida', 2, '13987', '09821'),
	(38, 'Faustino Cove', 'Ondrickachester', 107, '4614', '94559'),
	(39, 'Moshe Heights', 'Macejkovicview', 174, '414', '47959'),
	(40, 'Osinski Trail', 'Creminborough', 133, '25478', '62640'),
	(41, 'Darnell Fords', 'South Rosendomouth', 67, '9898', '23320'),
	(42, 'Mitchell Fall', 'East Melina', 178, '9354', '23732'),
	(43, 'Aufderhar Via', 'Jamefurt', 44, '040', '86702'),
	(44, 'Heathcote Hills', 'Domingofurt', 54, '86805', '00837'),
	(45, 'Cecila Forges', 'Gerlachchester', 15, '0486', '11251'),
	(46, 'Jason Greens', 'Hunterview', 219, '2716', '18448'),
	(47, 'Donn Overpass', 'Kyrafort', 244, '089', '55144'),
	(48, 'Champlin Landing', 'West Gustavoton', 269, '454', '40255'),
	(49, 'Buck Drive', 'New Cassaundraville', 257, '226', '96548'),
	(50, 'Wilbur Overpass', 'West Rosana', 230, '4930', '00907'),
	(51, 'Davis Mount', 'New Nickfurt', 234, '8767', '44334'),
	(52, 'Senger Creek', 'West Felipeside', 116, '66499', '71519'),
	(53, 'Crist Hollow', 'New Jamel', 82, '219', '78960'),
	(54, 'Jacqualine Knoll', 'Granvilleshire', 137, '6999', '56811'),
	(55, 'Herman Wells', 'VonRuedenstad', 244, '155', '18741'),
	(56, 'Freida Shore', 'Lake Asa', 21, '26629', '47889'),
	(57, 'Candance Vista', 'Marquardtshire', 92, '41142', '95726'),
	(58, 'Maggio Vista', 'Edythton', 57, '040', '87595'),
	(59, 'Kiehn Bypass', 'West Sharondaport', 118, '3967', '41947'),
	(60, 'Milda Park', 'Schmittstad', 174, '13479', '77842'),
	(61, 'Boehm Fork', 'West Marishaberg', 261, '676', '59867'),
	(62, 'Wilton Creek', 'Gorczanyside', 169, '8963', '09274'),
	(63, 'Wolf Valley', 'Mosemouth', 205, '972', '01304'),
	(64, 'Mann Pine', 'Konopelskishire', 184, '5348', '23085'),
	(65, 'Crist Crossroad', 'Abshireton', 214, '53186', '94957'),
	(66, 'Darline Ports', 'Streichside', 205, '536', '87161'),
	(67, 'Maxwell Bridge', 'South Willardborough', 259, '225', '58127'),
	(68, 'Boehm River', 'Lake Eugene', 206, '483', '95941'),
	(69, 'Jeremiah Walks', 'Vanesabury', 67, '6671', '28208'),
	(70, 'Lakin Shores', 'Traceyborough', 41, '602', '43170'),
	(71, 'Erik Inlet', 'West Reinaldoside', 241, '2188', '19178'),
	(72, 'Clemente Field', 'Lake Preston', 225, '00102', '63020'),
	(73, 'Zelma Motorway', 'Bernadetteberg', 18, '0471', '09483'),
	(74, 'Allen Knoll', 'Grahamtown', 49, '872', '78695'),
	(75, 'Earline Trace', 'North Edwardohaven', 266, '162', '28605'),
	(76, 'Jarrett Plain', 'Millstown', 221, '3831', '45261'),
	(77, 'Man Mews', 'Janeland', 17, '9771', '62308'),
	(78, 'Roberts Course', 'Ricardaside', 67, '72135', '44940'),
	(79, 'Vaughn Island', 'New Mikaelastad', 113, '0207', '44171'),
	(80, 'Mahalia Glen', 'West Stefan', 56, '04192', '05950'),
	(81, 'Tomeka Throughway', 'Bernardoport', 3, '3001', '58766'),
	(82, 'Kreiger Wells', 'Ivanfurt', 233, '5410', '58852'),
	(83, 'Bins Valleys', 'Lake Perry', 46, '500', '59821'),
	(84, 'Batz Field', 'Lake Richard', 141, '087', '85506'),
	(85, 'Von Valleys', 'Hickleburgh', 43, '9862', '30039'),
	(86, 'Sharice Mill', 'West Jameymouth', 244, '5649', '35293'),
	(87, 'Drew Crest', 'West Roderickmouth', 4, '678', '81165'),
	(88, 'Bergstrom Ways', 'South Carmeliabury', 56, '49195', '37428'),
	(89, 'Buckridge Dam', 'New Eleanorfurt', 60, '8740', '54106'),
	(90, 'Mosciski Passage', 'Lakinborough', 191, '16619', '30680'),
	(91, 'Funk Mount', 'West Hanna', 242, '567', '12231'),
	(92, 'Gerhold Street', 'South Felishaborough', 112, '1623', '32628'),
	(93, 'Dana Falls', 'New Fatima', 103, '08125', '55540'),
	(94, 'Wehner Via', 'West Russell', 134, '7230', '82459'),
	(95, 'Cole River', 'East Wayne', 245, '4092', '28163'),
	(96, 'Kilback Trail', 'North Elmoshire', 245, '961', '40812'),
	(97, 'Tanner Neck', 'New Edmouth', 45, '3991', '53950'),
	(98, 'Metz Avenue', 'South Maren', 109, '3413', '58259'),
	(99, 'Flatley Haven', 'Schadenfort', 216, '227', '80538');

-- Dumping structure for table works.candidate
CREATE TABLE IF NOT EXISTS `candidate` (
  `id` bigint(20) NOT NULL AUTO_INCREMENT,
  `dob` date NOT NULL,
  `email` varchar(255) NOT NULL,
  `full_name` varchar(255) NOT NULL,
  `phone` varchar(15) NOT NULL,
  `address` bigint(20) NOT NULL,
  PRIMARY KEY (`id`),
  UNIQUE KEY `UK_qfut8ruekode092nlkipgl09g` (`email`),
  UNIQUE KEY `UK_9i5yt1gvm0chg5e10qkns7tll` (`phone`),
  UNIQUE KEY `UK_m8qhlm4wu215gr34dhxp0dour` (`address`),
  CONSTRAINT `FKa8gnyyhbb2qnhp94grci1n0o9` FOREIGN KEY (`address`) REFERENCES `address` (`id`)
) ENGINE=InnoDB AUTO_INCREMENT=100 DEFAULT CHARSET=latin1 COLLATE=latin1_swedish_ci;

-- Dumping data for table works.candidate: ~99 rows (approximately)
INSERT INTO `candidate` (`id`, `dob`, `email`, `full_name`, `phone`, `address`) VALUES
	(1, '1985-06-26', 'bernadette.bashirian@gmail.com', 'Nelson Rohan DDS', '(305) 200-9391', 1),
	(2, '1972-06-21', 'tami.grimes@gmail.com', 'Cruz Marvin', '(730) 204-2082', 2),
	(3, '1967-05-11', 'melany.huels@hotmail.com', 'Jimmy Kshlerin', '(505) 680-6649', 3),
	(4, '1979-03-07', 'cortez.greenholt@gmail.com', 'Jeff Gorczany', '(730) 207-6676', 4),
	(5, '1990-04-12', 'porter.ohara@gmail.com', 'Osvaldo Botsford', '(472) 269-7314', 5),
	(6, '1970-05-10', 'salina.kozey@hotmail.com', 'Corey Moen', '(505) 720-9324', 6),
	(7, '1966-05-28', 'antionette.nolan@gmail.com', 'Latina O\'Connell III', '(973) 802-2537', 7),
	(8, '1997-09-22', 'jesus.oberbrunner@gmail.com', 'Trinh Gerhold', '(561) 791-8064', 8),
	(9, '1994-04-16', 'angelique.quitzon@hotmail.com', 'Elba Lakin', '(984) 221-8066', 9),
	(10, '1994-05-29', 'salvatore.streich@hotmail.com', 'Byron Lowe', '(730) 627-5411', 10),
	(11, '1970-06-04', 'leisa.mills@gmail.com', 'Roxana Gusikowski V', '(505) 918-3266', 11),
	(12, '1966-04-17', 'felton.huels@yahoo.com', 'Ms. Vanesa Stiedemann', '(234) 847-2258', 12),
	(13, '1992-03-25', 'leo.leuschke@yahoo.com', 'Zola Schumm I', '(469) 892-1361', 13),
	(14, '1994-10-19', 'agripina.mcclure@yahoo.com', 'Concetta Brown V', '(505) 845-1063', 14),
	(15, '2000-03-11', 'brock.cormier@yahoo.com', 'Jason Jones', '(317) 815-2017', 15),
	(16, '1965-10-12', 'kasey.schuster@hotmail.com', 'Dr. Louie Buckridge', '(854) 727-2478', 16),
	(17, '1979-01-20', 'terra.hane@hotmail.com', 'Thresa Schowalter', '(878) 750-2955', 17),
	(18, '2001-09-16', 'karmen.simonis@yahoo.com', 'Johnnie Bradtke', '(730) 228-8933', 18),
	(19, '1966-06-06', 'grace.mueller@yahoo.com', 'Douglass Auer', '(730) 642-7909', 19),
	(20, '1996-05-18', 'angelo.hermann@yahoo.com', 'Irvin Gerhold', '(730) 215-4530', 20),
	(21, '1982-04-03', 'dustin.ratke@yahoo.com', 'Taneka Von PhD', '(305) 204-0245', 21),
	(22, '1981-07-20', 'hal.labadie@yahoo.com', 'Glen Hamill', '(270) 987-8362', 22),
	(23, '2004-12-03', 'broderick.beahan@hotmail.com', 'Ms. Karisa West', '(505) 617-2693', 23),
	(24, '1990-10-30', 'antonia.emmerich@gmail.com', 'Drema Ferry', '(730) 219-2908', 24),
	(25, '1992-06-18', 'josue.heidenreich@gmail.com', 'Fernando Konopelski', '(479) 946-1876', 25),
	(26, '1969-01-22', 'sharell.bogan@yahoo.com', 'Mr. Pedro Gislason', '(730) 677-7006', 26),
	(27, '1991-07-07', 'alana.jones@yahoo.com', 'Mr. Elyse Rowe', '(828) 238-3809', 27),
	(28, '2005-02-19', 'steffanie.yost@yahoo.com', 'Librada Dickinson', '(425) 770-3745', 28),
	(29, '1965-10-09', 'jefferey.hahn@gmail.com', 'Stuart Barton', '(472) 415-8688', 29),
	(30, '1993-02-09', 'nathanael.nienow@yahoo.com', 'Otis Pollich', '(505) 657-2278', 30),
	(31, '1982-07-18', 'candelaria.prohaska@hotmail.com', 'Tena Towne', '(505) 646-9559', 31),
	(32, '1968-11-03', 'brett.kutch@gmail.com', 'Faviola Muller', '(401) 324-9551', 32),
	(33, '1979-06-14', 'zina.hessel@gmail.com', 'Chung Pagac', '(305) 238-8242', 33),
	(34, '2004-04-24', 'laurence.russel@yahoo.com', 'Synthia Huels Jr.', '(956) 206-6777', 34),
	(35, '1997-06-26', 'lino.macejkovic@gmail.com', 'Krishna Bayer II', '(646) 847-6630', 35),
	(36, '1984-04-21', 'jordan.becker@yahoo.com', 'Mr. Demarcus Bogisich', '(469) 811-1135', 36),
	(37, '1983-08-17', 'dorcas.barton@yahoo.com', 'Jared Jerde DDS', '(703) 423-8283', 37),
	(38, '1968-03-27', 'harlan.balistreri@yahoo.com', 'Dinah Rutherford', '(505) 635-5348', 38),
	(39, '1982-05-30', 'chanelle.rowe@hotmail.com', 'Georgianne Hamill', '(505) 518-9926', 39),
	(40, '1979-04-15', 'darron.sanford@gmail.com', 'Petra Gottlieb MD', '(730) 633-3693', 40),
	(41, '1981-10-23', 'deidre.howe@hotmail.com', 'Kaylene Rath', '(730) 200-9069', 41),
	(42, '2002-09-14', 'felisa.cruickshank@yahoo.com', 'Fermin Kohler', '(305) 315-5219', 42),
	(43, '1980-01-27', 'nicolas.towne@gmail.com', 'Mrs. Andre Walker', '(305) 881-9187', 43),
	(44, '1986-07-09', 'grover.nitzsche@yahoo.com', 'Arlen Schroeder', '(385) 404-7307', 44),
	(45, '1984-07-25', 'dorian.gutkowski@gmail.com', 'Silva Berge', '(681) 936-9820', 45),
	(46, '1999-05-25', 'johnette.kshlerin@gmail.com', 'Otha Bogan', '(983) 877-0443', 46),
	(47, '1968-01-11', 'seymour.gulgowski@hotmail.com', 'Dr. Janey Schamberger', '(363) 535-8788', 47),
	(48, '1973-11-29', 'cortez.shields@gmail.com', 'Tobie Ryan DVM', '(505) 805-4322', 48),
	(49, '1996-06-05', 'demetrius.abbott@yahoo.com', 'Augustus Treutel I', '(505) 551-0436', 49),
	(50, '2001-11-22', 'hershel.bode@yahoo.com', 'Miss Broderick Douglas', '(620) 544-6183', 50),
	(51, '1967-01-22', 'maryjo.morissette@yahoo.com', 'Mr. Rico Considine', '(730) 610-6768', 51),
	(52, '2000-11-08', 'shelba.lubowitz@gmail.com', 'Roseanna Mohr DDS', '(472) 498-7500', 52),
	(53, '1986-11-20', 'digna.heidenreich@hotmail.com', 'Kimberli Lesch', '(906) 621-1631', 53),
	(54, '2000-05-04', 'winford.ankunding@yahoo.com', 'Eugenio Bechtelar', '(505) 981-2867', 54),
	(55, '1967-08-05', 'salvatore.boyer@gmail.com', 'Tyron Mertz', '(305) 469-6448', 55),
	(56, '1970-08-13', 'caitlyn.mraz@yahoo.com', 'Aaron Stehr', '(305) 205-8142', 56),
	(57, '1970-12-18', 'ardell.fritsch@gmail.com', 'Mrs. Ruben Kshlerin', '(301) 223-0791', 57),
	(58, '2004-01-16', 'irwin.rippin@gmail.com', 'Bula Boyle', '(730) 204-8885', 58),
	(59, '1981-12-14', 'lemuel.ritchie@yahoo.com', 'Norman Kautzer II', '(730) 692-2268', 59),
	(60, '1969-06-29', 'edythe.stroman@yahoo.com', 'Jeneva Koch', '(730) 232-4089', 60),
	(61, '2004-10-14', 'benny.schinner@yahoo.com', 'Brett Turcotte II', '(730) 637-3520', 61),
	(62, '1988-06-26', 'daniell.luettgen@gmail.com', 'Shira Adams', '(629) 351-4892', 62),
	(63, '1988-05-17', 'nicholas.koepp@gmail.com', 'Pamala Schmeler', '(617) 366-4281', 63),
	(64, '1977-01-27', 'hermila.schuppe@gmail.com', 'Adele Fahey', '(472) 431-1847', 64),
	(65, '1995-09-30', 'abraham.auer@hotmail.com', 'Major Berge', '(305) 279-4110', 65),
	(66, '2001-05-10', 'max.towne@hotmail.com', 'Lazaro Brekke DDS', '(513) 530-0773', 66),
	(67, '2004-09-05', 'pedro.koelpin@yahoo.com', 'Jed Zieme', '(505) 626-4292', 67),
	(68, '1992-11-17', 'martha.smitham@hotmail.com', 'Percy Muller', '(913) 675-7081', 68),
	(69, '1984-07-16', 'martin.dicki@hotmail.com', 'Jennell Ledner', '(305) 832-3179', 69),
	(70, '1982-08-02', 'stacey.dibbert@hotmail.com', 'Serina Bahringer V', '(985) 917-8983', 70),
	(71, '1999-11-11', 'alva.dickens@yahoo.com', 'Randal Rau', '(505) 644-2088', 71),
	(72, '1968-03-09', 'lola.oberbrunner@gmail.com', 'Eura Kautzer IV', '(730) 605-8624', 72),
	(73, '2002-07-22', 'ted.wilkinson@gmail.com', 'Kristal Gerhold III', '(983) 471-5452', 73),
	(74, '1975-09-26', 'jolynn.blanda@hotmail.com', 'Ms. Florance Barrows', '(305) 206-5330', 74),
	(75, '1967-12-15', 'nicolasa.west@gmail.com', 'Josephina Stamm', '(505) 527-6980', 75),
	(76, '1974-08-10', 'nicolas.ohara@gmail.com', 'Bonita Lebsack', '(505) 354-5413', 76),
	(77, '2006-07-29', 'emil.monahan@gmail.com', 'Huong Nicolas', '(730) 688-3918', 77),
	(78, '1971-07-24', 'bo.lueilwitz@gmail.com', 'Mr. Celsa Carroll', '(505) 648-0126', 78),
	(79, '1993-09-01', 'ivan.lakin@gmail.com', 'Marion Toy', '(983) 791-5858', 79),
	(80, '1981-08-18', 'diann.bashirian@gmail.com', 'Ms. Dortha Koss', '(618) 489-0742', 80),
	(81, '1984-06-10', 'jaquelyn.schmeler@gmail.com', 'Merrilee Berge Jr.', '(305) 206-5785', 81),
	(82, '1984-04-30', 'mimi.jerde@gmail.com', 'Angelo Gutmann', '(505) 674-9129', 82),
	(83, '1969-05-20', 'curt.kunze@yahoo.com', 'Mr. Laci Lind', '(208) 724-5467', 83),
	(84, '1988-04-09', 'soraya.kessler@hotmail.com', 'Freeda Ortiz', '(954) 752-3384', 84),
	(85, '1971-06-25', 'frederica.waters@yahoo.com', 'Vanetta Schinner', '(505) 644-8910', 85),
	(86, '2001-09-27', 'richie.quigley@yahoo.com', 'Ara Raynor', '(505) 648-8754', 86),
	(87, '2000-03-19', 'ranee.collins@hotmail.com', 'Jonathan Stark', '(730) 211-3022', 87),
	(88, '1987-05-27', 'sherilyn.reilly@hotmail.com', 'Ezequiel Dickens', '(215) 505-3644', 88),
	(89, '1994-02-18', 'benito.mitchell@gmail.com', 'Max Zemlak', '(472) 281-2809', 89),
	(90, '1989-10-31', 'jae.roob@yahoo.com', 'Benjamin Howell', '(505) 646-4552', 90),
	(91, '2004-12-28', 'sydney.leuschke@gmail.com', 'Roxann Ruecker', '(983) 387-3857', 91),
	(92, '1981-02-14', 'britt.hermiston@yahoo.com', 'Louanne Stokes', '(472) 425-6819', 92),
	(93, '1983-03-08', 'felipe.kris@hotmail.com', 'Mr. Donovan Rempel', '(220) 239-5178', 93),
	(94, '1982-01-20', 'brigitte.fahey@yahoo.com', 'Sun O\'Conner', '(334) 716-3546', 94),
	(95, '1988-11-10', 'zachary.lindgren@gmail.com', 'Mrs. Melvin DuBuque', '(484) 560-4458', 95),
	(96, '2002-04-26', 'alessandra.orn@gmail.com', 'Ms. Ping Rempel', '(857) 846-2312', 96),
	(97, '2006-10-24', 'graciela.schoen@gmail.com', 'Stacy Balistreri', '(730) 242-1422', 97),
	(98, '1980-09-26', 'magdalene.weimann@hotmail.com', 'Chi Lemke', '(618) 679-7381', 98),
	(99, '1967-08-21', 'leland.goodwin@gmail.com', 'Miles Mertz', '(305) 274-1471', 99);

-- Dumping structure for table works.candidate_skill
CREATE TABLE IF NOT EXISTS `candidate_skill` (
  `more_infos` varchar(1000) DEFAULT NULL,
  `skill_level` enum('ADVANCED','BEGINER','IMTERMEDIATE','MASTER','PROFESSIONAL') NOT NULL,
  `skill_id` bigint(20) NOT NULL,
  `can_id` bigint(20) NOT NULL,
  PRIMARY KEY (`can_id`,`skill_id`),
  KEY `FKb7cxhiqhcah7c20a2cdlvr1f8` (`skill_id`),
  CONSTRAINT `FKb0m5tm3fi0upa3b3kjx3vrlxs` FOREIGN KEY (`can_id`) REFERENCES `candidate` (`id`),
  CONSTRAINT `FKb7cxhiqhcah7c20a2cdlvr1f8` FOREIGN KEY (`skill_id`) REFERENCES `skill` (`skill_id`)
) ENGINE=InnoDB DEFAULT CHARSET=latin1 COLLATE=latin1_swedish_ci;

-- Dumping data for table works.candidate_skill: ~179 rows (approximately)
INSERT INTO `candidate_skill` (`more_infos`, `skill_level`, `skill_id`, `can_id`) VALUES
	('Impedit itaque quidem ipsum ullam.', 'ADVANCED', 1, 1),
	('Ab quisquam cum aperiam voluptatum fuga deserunt sequi.', 'MASTER', 24, 1),
	('Consequuntur eligendi consequatur iste ullam labore iusto cumque.', 'BEGINER', 7, 3),
	('Esse consequatur enim ex ducimus.', 'ADVANCED', 8, 3),
	('Quaerat ad laudantium aliquid nisi.', 'PROFESSIONAL', 26, 3),
	('Voluptatem architecto eius laudantium accusamus illo.', 'MASTER', 29, 3),
	('Quaerat nobis neque rerum possimus consequatur.', 'IMTERMEDIATE', 1, 4),
	('Minus molestias ad cumque est.', 'BEGINER', 10, 5),
	('Placeat tenetur magni nesciunt corporis consectetur nisi placeat.', 'BEGINER', 14, 5),
	('Pariatur quo sapiente corrupti cupiditate ab exercitationem asperiores.', 'MASTER', 16, 5),
	('Quas beatae dignissimos maiores atque.', 'BEGINER', 30, 5),
	('Veritatis quasi omnis maxime culpa.', 'ADVANCED', 33, 5),
	('Mollitia ad iure quis adipisci delectus eos.', 'BEGINER', 38, 5),
	('Distinctio impedit inventore facilis.', 'IMTERMEDIATE', 6, 6),
	('Explicabo eos ipsa vero.', 'ADVANCED', 47, 7),
	('Occaecati occaecati libero omnis fugiat.', 'IMTERMEDIATE', 10, 8),
	('Aut quis aut eligendi quos ipsam eveniet.', 'BEGINER', 23, 8),
	('Laudantium illum ducimus in molestias veritatis.', 'IMTERMEDIATE', 23, 9),
	('Ex sequi reiciendis cum.', 'ADVANCED', 25, 9),
	('Repudiandae deserunt voluptas maiores eveniet consectetur mollitia mollitia.', 'ADVANCED', 45, 9),
	('Doloremque id ducimus numquam omnis aspernatur cupiditate ducimus.', 'ADVANCED', 5, 10),
	('Minus aut autem ipsa.', 'ADVANCED', 19, 10),
	('Consequuntur possimus eius incidunt architecto tempore.', 'BEGINER', 25, 10),
	('Praesentium minus minima doloribus quia deleniti.', 'PROFESSIONAL', 27, 10),
	('Nisi non quas cupiditate aperiam odit.', 'PROFESSIONAL', 35, 10),
	('Illo eaque at.', 'MASTER', 39, 10),
	('Minus quasi rerum accusantium.', 'IMTERMEDIATE', 6, 11),
	('Quaerat iure vero delectus.', 'PROFESSIONAL', 44, 12),
	('Exercitationem molestias necessitatibus molestiae non nam facilis fuga.', 'IMTERMEDIATE', 16, 14),
	('Perspiciatis molestiae rerum iure dolor.', 'MASTER', 1, 17),
	('Quae accusantium itaque placeat nisi.', 'BEGINER', 6, 17),
	('In doloribus quia.', 'PROFESSIONAL', 26, 17),
	('Error atque exercitationem molestiae maxime.', 'PROFESSIONAL', 8, 18),
	('Aperiam vitae laboriosam asperiores esse.', 'IMTERMEDIATE', 20, 20),
	('Accusantium iusto asperiores doloribus cumque soluta veniam unde.', 'BEGINER', 28, 20),
	('Rem aliquid maxime cumque.', 'IMTERMEDIATE', 1, 21),
	('Qui ea labore nobis.', 'PROFESSIONAL', 11, 21),
	('Laudantium illum ullam.', 'PROFESSIONAL', 32, 21),
	('Ipsa adipisci repudiandae dolores ipsam odit repellendus.', 'MASTER', 49, 21),
	('Delectus hic nisi laborum nobis.', 'ADVANCED', 20, 23),
	('Possimus saepe distinctio quis.', 'PROFESSIONAL', 26, 23),
	('Consectetur expedita vel dolore explicabo consectetur beatae.', 'MASTER', 6, 24),
	('Neque vero beatae eum ducimus suscipit.', 'BEGINER', 8, 24),
	('Qui nisi placeat sequi dignissimos vel.', 'ADVANCED', 10, 24),
	('Suscipit tempora commodi voluptas beatae.', 'BEGINER', 24, 24),
	('Deleniti consequatur modi quasi.', 'ADVANCED', 39, 24),
	('Provident iure fugit corrupti.', 'MASTER', 7, 25),
	('Sequi dolor repellat commodi eius deleniti rerum saepe.', 'MASTER', 18, 25),
	('Perferendis aspernatur iure facilis reprehenderit deserunt.', 'IMTERMEDIATE', 45, 25),
	('Facere hic aut qui commodi.', 'BEGINER', 48, 25),
	('Libero eos esse excepturi quis soluta.', 'ADVANCED', 24, 26),
	('Minima sit consectetur molestias sed eveniet.', 'ADVANCED', 30, 26),
	('Ea incidunt doloribus.', 'PROFESSIONAL', 33, 27),
	('Fuga repudiandae rem nihil iusto culpa ipsam asperiores.', 'MASTER', 33, 29),
	('Assumenda maxime illo animi laborum.', 'MASTER', 1, 31),
	('Illo placeat laborum.', 'MASTER', 28, 31),
	('Maiores quasi atque.', 'BEGINER', 20, 32),
	('Inventore cum aut nam.', 'MASTER', 8, 33),
	('Porro sunt nemo.', 'MASTER', 10, 33),
	('Et aliquam magni nihil vel quam debitis.', 'ADVANCED', 18, 33),
	('Consectetur voluptates ad omnis.', 'BEGINER', 10, 34),
	('Accusantium sequi est odio porro ipsum autem.', 'BEGINER', 14, 35),
	('Unde similique voluptatum placeat fugiat reprehenderit velit.', 'BEGINER', 21, 35),
	('Dolor distinctio vitae minima officiis dolorem.', 'PROFESSIONAL', 23, 36),
	('Veniam natus ipsam itaque consequuntur unde quod.', 'MASTER', 7, 37),
	('Ab sed fugiat ab dignissimos deleniti molestiae.', 'PROFESSIONAL', 24, 37),
	('Quis neque unde placeat incidunt soluta ipsa.', 'IMTERMEDIATE', 33, 37),
	('Iusto inventore laboriosam quod laborum quod.', 'BEGINER', 40, 37),
	('Eveniet ea ad accusamus sunt aspernatur.', 'ADVANCED', 26, 38),
	('Occaecati iure consequuntur.', 'MASTER', 45, 38),
	('Facilis laborum fuga nesciunt.', 'PROFESSIONAL', 32, 39),
	('Incidunt recusandae voluptatem explicabo corrupti eum quisquam.', 'BEGINER', 25, 40),
	('A error reprehenderit et ex atque.', 'BEGINER', 42, 41),
	('Aut eos tempore.', 'BEGINER', 23, 42),
	('Reprehenderit sapiente reprehenderit.', 'ADVANCED', 24, 44),
	('Qui dolore sunt vitae ipsum distinctio quod.', 'ADVANCED', 7, 45),
	('Pariatur libero delectus quis ratione saepe corrupti vero.', 'ADVANCED', 44, 45),
	('Sapiente ad quisquam recusandae dolorum occaecati accusantium cupiditate.', 'ADVANCED', 7, 46),
	('Dignissimos accusantium cum libero ipsam.', 'MASTER', 8, 46),
	('Maiores nobis officia.', 'IMTERMEDIATE', 26, 46),
	('Ea explicabo rerum soluta magnam tenetur.', 'IMTERMEDIATE', 17, 47),
	('Molestias fuga necessitatibus officiis deserunt error.', 'ADVANCED', 25, 47),
	('Distinctio eaque dolore beatae corrupti odio.', 'ADVANCED', 39, 47),
	('Cumque numquam commodi odit explicabo dolor recusandae blanditiis.', 'ADVANCED', 2, 50),
	('Nam laudantium nostrum excepturi.', 'IMTERMEDIATE', 25, 50),
	('Explicabo quasi culpa perspiciatis.', 'ADVANCED', 41, 50),
	('Ipsum velit exercitationem vero expedita ipsam.', 'MASTER', 49, 50),
	('Voluptatum quos repellat corporis.', 'ADVANCED', 8, 51),
	('Ipsa non facilis ipsam quas voluptas sunt.', 'IMTERMEDIATE', 12, 51),
	('Facilis neque illum officia exercitationem minima.', 'BEGINER', 16, 51),
	('Veritatis cupiditate aliquid tempore tenetur provident repellendus.', 'MASTER', 49, 51),
	('Autem amet omnis.', 'BEGINER', 47, 53),
	('Dolor natus esse deserunt.', 'ADVANCED', 30, 54),
	('Nesciunt inventore laudantium maiores.', 'IMTERMEDIATE', 2, 56),
	('Vitae provident in.', 'BEGINER', 9, 56),
	('Rerum nobis vero iste nisi distinctio magnam.', 'PROFESSIONAL', 43, 56),
	('Cum occaecati quidem.', 'PROFESSIONAL', 46, 56),
	('Neque suscipit laboriosam molestiae illo.', 'ADVANCED', 49, 56),
	('Quaerat molestias fuga non.', 'MASTER', 36, 57),
	('Voluptates natus cupiditate.', 'IMTERMEDIATE', 38, 57),
	('Natus vitae illo vitae perferendis nulla dignissimos.', 'BEGINER', 35, 58),
	('Earum quod autem ad.', 'MASTER', 40, 58),
	('Fugit illo dignissimos.', 'ADVANCED', 42, 58),
	('Esse itaque in illum.', 'BEGINER', 26, 59),
	('Doloribus occaecati est nulla possimus officiis laudantium tempora.', 'MASTER', 8, 60),
	('Officiis dolorem inventore ullam.', 'ADVANCED', 8, 61),
	('Maxime possimus quae itaque.', 'MASTER', 32, 61),
	('Laboriosam expedita vero nesciunt reprehenderit.', 'IMTERMEDIATE', 2, 63),
	('At atque dolor.', 'MASTER', 6, 63),
	('Porro ipsa quos veritatis repellat odit.', 'ADVANCED', 28, 63),
	('Nihil commodi esse modi excepturi facere facilis.', 'MASTER', 30, 63),
	('Ducimus animi iusto illum fugiat.', 'BEGINER', 4, 64),
	('Quae totam perferendis pariatur omnis.', 'IMTERMEDIATE', 12, 65),
	('Totam illum placeat.', 'PROFESSIONAL', 5, 66),
	('In earum quasi ullam voluptatem iste magni.', 'ADVANCED', 11, 66),
	('Minus vel sapiente ea non doloremque eligendi.', 'BEGINER', 13, 66),
	('Ea veniam incidunt error exercitationem eligendi alias aspernatur.', 'PROFESSIONAL', 39, 67),
	('Omnis rerum esse architecto et.', 'BEGINER', 4, 68),
	('Ullam harum eveniet officia architecto.', 'BEGINER', 37, 68),
	('Voluptatum tempore vel aliquid reiciendis.', 'PROFESSIONAL', 4, 69),
	('Rerum tenetur eum doloribus dolorum atque.', 'IMTERMEDIATE', 9, 69),
	('Sequi aperiam doloremque ab repudiandae quas.', 'ADVANCED', 15, 69),
	('Minus distinctio odio.', 'MASTER', 33, 69),
	('Similique labore ea id itaque quas quos natus.', 'ADVANCED', 46, 69),
	('Pariatur ut voluptates dolorem accusantium.', 'MASTER', 20, 70),
	('Cupiditate magnam laborum laborum ipsam.', 'IMTERMEDIATE', 37, 70),
	('Consectetur libero occaecati.', 'PROFESSIONAL', 7, 71),
	('Natus culpa optio suscipit veritatis praesentium soluta.', 'IMTERMEDIATE', 9, 71),
	('Quae iste odit.', 'ADVANCED', 15, 71),
	('Soluta sit repudiandae.', 'ADVANCED', 23, 72),
	('Sed laborum reprehenderit tenetur voluptatem earum recusandae.', 'ADVANCED', 20, 74),
	('Officia eum unde quidem sed.', 'PROFESSIONAL', 44, 74),
	('Mollitia delectus ullam.', 'PROFESSIONAL', 14, 75),
	('Tempora praesentium incidunt repudiandae cupiditate ipsa.', 'ADVANCED', 22, 75),
	('Optio expedita ex.', 'MASTER', 5, 76),
	('Aliquid numquam eaque asperiores nesciunt consequatur.', 'ADVANCED', 7, 76),
	('Unde eligendi in nobis.', 'ADVANCED', 9, 76),
	('Nisi assumenda voluptates.', 'ADVANCED', 29, 76),
	('Nesciunt quasi assumenda.', 'BEGINER', 34, 76),
	('Nam sapiente officia.', 'PROFESSIONAL', 46, 76),
	('Dolores repellat velit nisi veritatis minima adipisci architecto.', 'MASTER', 4, 78),
	('Deleniti debitis corporis aliquid ab.', 'PROFESSIONAL', 14, 78),
	('Sunt nam eum nostrum amet.', 'ADVANCED', 13, 79),
	('Quam atque unde itaque.', 'ADVANCED', 20, 79),
	('Rerum voluptatem ipsa ipsum.', 'PROFESSIONAL', 1, 80),
	('Dolor quod tenetur eius architecto.', 'PROFESSIONAL', 4, 80),
	('Eos ipsum assumenda laboriosam qui rem.', 'ADVANCED', 16, 80),
	('Praesentium quas inventore similique impedit consectetur pariatur.', 'ADVANCED', 8, 83),
	('Aperiam laudantium tenetur ad.', 'PROFESSIONAL', 18, 83),
	('Iste in omnis totam provident iure dolores quo.', 'IMTERMEDIATE', 23, 83),
	('Perspiciatis iusto tempore aspernatur culpa.', 'ADVANCED', 36, 83),
	('Numquam incidunt asperiores dolore amet quos non porro.', 'PROFESSIONAL', 5, 85),
	('Consequatur earum adipisci alias.', 'ADVANCED', 19, 86),
	('Qui quibusdam nisi inventore quae.', 'PROFESSIONAL', 41, 86),
	('Quo molestiae neque illum vel.', 'MASTER', 11, 87),
	('Illo voluptatibus culpa.', 'ADVANCED', 18, 87),
	('Libero deserunt voluptatem aut ipsum laboriosam molestiae.', 'IMTERMEDIATE', 36, 87),
	('Illum qui labore reprehenderit at ad quia tenetur.', 'BEGINER', 5, 88),
	('Consequuntur quaerat quos quos quia temporibus quisquam.', 'BEGINER', 11, 88),
	('Ipsa dignissimos dolorum dolor earum culpa.', 'PROFESSIONAL', 15, 89),
	('Possimus corrupti saepe.', 'PROFESSIONAL', 44, 89),
	('Modi modi omnis.', 'ADVANCED', 19, 90),
	('Totam velit totam ab amet.', 'IMTERMEDIATE', 2, 91),
	('Consequuntur esse vitae.', 'PROFESSIONAL', 3, 91),
	('Dolore corporis ipsam dicta dolorem nemo quia.', 'MASTER', 43, 91),
	('Quibusdam in aliquid sapiente dolore reiciendis illo asperiores.', 'ADVANCED', 49, 91),
	('Reiciendis earum tempore.', 'IMTERMEDIATE', 26, 92),
	('Dolor quis dolores natus.', 'ADVANCED', 38, 92),
	('Reiciendis odit expedita modi doloremque tempora vitae.', 'PROFESSIONAL', 21, 93),
	('A ab blanditiis non.', 'MASTER', 45, 93),
	('Maxime tempora expedita.', 'ADVANCED', 7, 95),
	('Vitae ipsum sapiente natus quibusdam ratione quas.', 'PROFESSIONAL', 17, 95),
	('Optio dolorem iure.', 'BEGINER', 22, 95),
	('Consequuntur quia repellendus sapiente dolorem.', 'IMTERMEDIATE', 31, 95),
	('Itaque ex est officiis saepe corporis temporibus tempore.', 'PROFESSIONAL', 38, 96),
	('Dignissimos sequi sunt placeat perspiciatis.', 'ADVANCED', 41, 96),
	('Animi perferendis modi laudantium voluptatibus repudiandae laudantium.', 'MASTER', 15, 97),
	('Exercitationem eius labore.', 'MASTER', 37, 98),
	('Veniam suscipit tenetur.', 'MASTER', 48, 99);

-- Dumping structure for table works.company
CREATE TABLE IF NOT EXISTS `company` (
  `comp_id` bigint(20) NOT NULL AUTO_INCREMENT,
  `about` varchar(2000) DEFAULT NULL,
  `comp_name` varchar(255) NOT NULL,
  `email` varchar(255) NOT NULL,
  `phone` varchar(255) NOT NULL,
  `web_url` varchar(255) DEFAULT NULL,
  `address` bigint(20) NOT NULL,
  PRIMARY KEY (`comp_id`),
  UNIQUE KEY `UKrvp2hunsq4sgmpxe3a7i1ym3m` (`address`),
  CONSTRAINT `FKd5occp4cjwihejbxdbpvkp5tv` FOREIGN KEY (`address`) REFERENCES `address` (`id`)
) ENGINE=InnoDB AUTO_INCREMENT=100 DEFAULT CHARSET=latin1 COLLATE=latin1_swedish_ci;

-- Dumping data for table works.company: ~99 rows (approximately)
INSERT INTO `company` (`comp_id`, `about`, `comp_name`, `email`, `phone`, `web_url`, `address`) VALUES
	(1, 'drive clicks-and-mortar vortals', 'Carroll Inc', 'beckie.smitham@hotmail.com', '(507) 622-2668', 'http://www.shawn-jast.co:57879/impedit/doloremquesoluta?natus=magni&totam=consequatur', 1),
	(2, 'integrate clicks-and-mortar ROI', 'Langworth, Lemke and Runolfsson', 'nina.hoppe@hotmail.com', '(305) 500-5297', 'https://www.jacinto-olson.biz/placeat', 2),
	(3, 'seize e-business paradigms', 'Larson Group', 'shayne.auer@gmail.com', '(505) 644-3184', 'https://www.myrtice-stokes.net/quasi/quosipsam', 3),
	(4, 'implement one-to-one metrics', 'Mitchell, Gerhold and Zemlak', 'lindsey.mohr@yahoo.com', '(681) 892-7486', 'https://www.lonny-lueilwitz.io:17926/quas?dolorem=omnis&velit=non#nam', 4),
	(5, 'maximize out-of-the-box methodologies', 'Kuvalis, Welch and Effertz', 'elza.walsh@gmail.com', '(472) 478-6743', 'https://www.angele-harber.name/?accusamus=quis&voluptatem=rem', 5),
	(6, 'transform virtual methodologies', 'Beatty Group', 'vincent.walker@hotmail.com', '(470) 552-3350', 'http://www.scottie-quigley.name:35278/maxime#repellendus', 6),
	(7, 'envisioneer 24/365 users', 'Cole, Buckridge and Stehr', 'genny.purdy@gmail.com', '(505) 680-0388', 'https://www.diann-lehner.org/provident/suscipit', 7),
	(8, 'deliver plug-and-play architectures', 'Nikolaus and Sons', 'era.damore@hotmail.com', '(305) 206-4144', 'https://www.violet-christiansen.co/culpa/officia?eaque=necessitatibus&aut=facilis', 8),
	(9, 'scale B2C metrics', 'Hermann Group', 'lavonna.friesen@gmail.com', '(730) 628-9700', 'https://www.emmy-powlowski.net:63814/saepe/nostrumvero?dolorum=odit&cupiditate=repellat#consequuntur', 9),
	(10, 'implement world-class deliverables', 'Langworth Inc', 'katy.graham@yahoo.com', '(472) 463-4909', 'https://www.rachelle-morar.co/adipisci#amet', 10),
	(11, 'incentivize magnetic users', 'Hermiston and Sons', 'michal.maggio@gmail.com', '(505) 662-6422', 'http://www.darcy-schuppe.io:63942/', 11),
	(12, 'facilitate compelling platforms', 'Heaney, McGlynn and Koss', 'veronica.kautzer@gmail.com', '(534) 400-0292', 'https://www.ela-veum.io:5441/culpa', 12),
	(13, 'syndicate innovative e-tailers', 'Jakubowski Group', 'tanya.moen@hotmail.com', '(689) 752-4159', 'http://www.beverley-wolf.org/magni/fuga?quod=assumenda&possimus=similique', 13),
	(14, 'optimize customized methodologies', 'Carroll Inc', 'jaime.durgan@gmail.com', '(830) 512-5854', 'https://www.sherlene-gerhold.info:55862/', 14),
	(15, 'visualize innovative architectures', 'Runolfsson LLC', 'otis.steuber@gmail.com', '(505) 652-5294', 'https://www.samual-jaskolski.name:7422/sed/voluptassoluta', 15),
	(16, 'synthesize 24/365 e-markets', 'Schuppe, Konopelski and Metz', 'winford.jacobson@hotmail.com', '(505) 618-8828', 'https://www.tam-romaguera.name/?consectetur=accusamus&officia=hic#modi', 16),
	(17, 'generate seamless users', 'Mohr, Shanahan and Bartoletti', 'luigi.konopelski@hotmail.com', '(305) 273-1768', 'https://www.camille-halvorson.net:39345/necessitatibus/ipsa#accusamus', 17),
	(18, 'e-enable transparent e-markets', 'Kshlerin Group', 'misti.lemke@gmail.com', '(601) 765-5915', 'https://www.bettie-grimes.info:23250/#nesciunt', 18),
	(19, 'transform cross-platform e-business', 'Quigley Inc', 'patrice.lehner@hotmail.com', '(472) 271-9012', 'https://www.glen-harvey.info:25348/#error', 19),
	(20, 'engineer open-source schemas', 'Ryan-Adams', 'stanton.kovacek@gmail.com', '(835) 362-3819', 'https://www.lu-goodwin.co:5161/voluptas/inventoreeos?optio=officiis&voluptas=ea', 20),
	(21, 'syndicate granular interfaces', 'Mante, Bechtelar and Conroy', 'amalia.cruickshank@yahoo.com', '(305) 206-5541', 'https://www.paul-dicki.name:65309/praesentium/tempore?voluptas=iusto&nesciunt=exercitationem', 21),
	(22, 'redefine distributed channels', 'Kunde, Reilly and Zieme', 'keena.gutmann@gmail.com', '(360) 831-4707', 'http://www.buena-dare.io/vel/fugit?dolorem=architecto&ipsam=dolore', 22),
	(23, 'repurpose viral markets', 'Lueilwitz LLC', 'victor.herman@gmail.com', '(305) 208-3820', 'http://www.ellamae-graham.name:50760/neque?vel=eligendi&dicta=harum#hic', 23),
	(24, 'disintermediate enterprise methodologies', 'Zulauf LLC', 'shad.schmeler@gmail.com', '(305) 207-5636', 'http://www.will-leffler.co:30410/mollitia/molestias#quia', 24),
	(25, 'streamline dynamic communities', 'Mueller-Osinski', 'andres.yost@gmail.com', '(983) 237-5682', 'https://www.debi-fay.org:37413/architecto/dolores?magni=vel&cum=ullam', 25),
	(26, 'engineer virtual schemas', 'Hyatt-Beahan', 'tatyana.white@hotmail.com', '(240) 451-3955', 'http://www.claude-little.info:119/architecto?iusto=doloribus&dolor=laudantium#perspiciatis', 26),
	(27, 'syndicate next-generation markets', 'Paucek-Hudson', 'rudolph.keebler@gmail.com', '(279) 359-5716', 'https://www.gaynell-schmitt.com/repudiandae/laudantium?repellendus=illo&aliquid=quasi#error', 27),
	(28, 'deploy cross-platform relationships', 'Smith Inc', 'ramon.hauck@yahoo.com', '(983) 474-0038', 'https://www.faustino-jaskolski.biz/aliquid/voluptatibusab#tenetur', 28),
	(29, 'orchestrate impactful networks', 'Reilly, Mraz and Dickinson', 'thelma.stracke@gmail.com', '(505) 648-0735', 'https://www.dung-breitenberg.info:2456/consequatur/quae?laudantium=quasi&ad=possimus#saepe', 29),
	(30, 'productize B2C initiatives', 'Fadel, Rohan and Harris', 'refugio.schuster@hotmail.com', '(361) 684-8998', 'https://www.lynda-cormier.org:3502/ducimus/tenetur?dignissimos=assumenda&rerum=aut#amet', 30),
	(31, 'whiteboard seamless communities', 'Brakus LLC', 'leon.reilly@hotmail.com', '(730) 243-1764', 'https://www.vanna-bernhard.info/assumenda?eum=ea&ea=deleniti', 31),
	(32, 'implement turn-key functionalities', 'Bogan LLC', 'shery.osinski@hotmail.com', '(730) 215-0999', 'https://www.lissa-kessler.co:33121/', 32),
	(33, 'recontextualize virtual mindshare', 'Lubowitz, Kautzer and Hand', 'corliss.carroll@hotmail.com', '(305) 290-7480', 'http://www.janeth-kemmer.biz/impedit/aperiam?ad=harum&repudiandae=modi#accusamus', 33),
	(34, 'utilize leading-edge portals', 'Konopelski, Goldner and Rogahn', 'oliva.yundt@yahoo.com', '(983) 821-7235', 'http://www.tiara-jacobs.biz/consectetur/excepturi?distinctio=nihil&est=fugit', 34),
	(35, 'synthesize user-centric ROI', 'Rice Inc', 'dori.torphy@yahoo.com', '(730) 219-9524', 'https://www.arleen-kunze.co/consequuntur/minima', 35),
	(36, 'drive open-source solutions', 'Monahan, West and Mueller', 'cole.fadel@gmail.com', '(571) 982-4582', 'https://www.maybelle-becker.com:6094/?officiis=quod&rem=voluptates#hic', 36),
	(37, 'optimize front-end e-markets', 'O\'Connell LLC', 'hosea.mosciski@yahoo.com', '(458) 385-4947', 'http://www.ione-beatty.biz:51901/#in', 37),
	(38, 'deliver turn-key supply-chains', 'Rutherford LLC', 'willian.mueller@hotmail.com', '(505) 978-2858', 'http://www.laurel-abshire.com:19450/expedita/a?aperiam=reprehenderit&nisi=sunt', 38),
	(39, 'benchmark revolutionary e-markets', 'Reichel Inc', 'andrea.weimann@gmail.com', '(425) 224-3784', 'https://www.janiece-murphy.co:35613/fugiat#tempora', 39),
	(40, 'morph turn-key ROI', 'Schumm, Senger and Pollich', 'jamal.hegmann@gmail.com', '(983) 366-5955', 'https://www.lavern-gislason.net/quae/amet#deserunt', 40),
	(41, 'recontextualize bricks-and-clicks web services', 'Rau and Sons', 'randall.cormier@gmail.com', '(472) 463-2247', 'https://www.dorothy-prohaska.biz:50170/?alias=fugiat&distinctio=quam#inventore', 41),
	(42, 'revolutionize compelling architectures', 'McClure, Hill and Hansen', 'sherie.gaylord@yahoo.com', '(609) 705-5180', 'https://www.jacalyn-stark.net/quibusdam/doloresenim?ad=exercitationem&perferendis=facilis', 42),
	(43, 'expedite global networks', 'Johnston-Wilkinson', 'elroy.kuhlman@hotmail.com', '(983) 737-3450', 'https://www.mellie-gislason.net/nam', 43),
	(44, 'target 24/365 models', 'West Inc', 'numbers.denesik@gmail.com', '(718) 949-4118', 'http://www.errol-okuneva.biz:19263/fugit/aliasplaceat?perferendis=enim&velit=magni#repudiandae', 44),
	(45, 'leverage sexy niches', 'Littel, Tromp and Stracke', 'maxie.cummerata@yahoo.com', '(730) 241-6690', 'https://www.emery-metz.name:12029/?nisi=quidem&deserunt=consequuntur#officiis', 45),
	(46, 'leverage interactive infomediaries', 'Wisozk-O\'Conner', 'danial.grady@gmail.com', '(985) 973-5880', 'https://www.asa-volkman.io/nostrum#pariatur', 46),
	(47, 'leverage holistic experiences', 'Carter Inc', 'emilio.stiedemann@gmail.com', '(730) 211-4079', 'https://www.titus-nader.co:47817/#explicabo', 47),
	(48, 'incubate efficient functionalities', 'Skiles LLC', 'yolanda.feeney@hotmail.com', '(730) 661-1906', 'https://www.bella-huel.org:35129/numquam/autdoloremque#inventore', 48),
	(49, 'scale open-source models', 'Littel, Franecki and Rippin', 'dick.abshire@gmail.com', '(305) 241-6080', 'https://www.albertine-marvin.co/illum#dolorem', 49),
	(50, 'incubate bricks-and-clicks partnerships', 'Rutherford, Cassin and Kohler', 'carmelina.feil@gmail.com', '(305) 242-0502', 'https://www.stephanie-moen.info:53886/repellendus?numquam=facere&totam=sed#officia', 50),
	(51, 'scale dynamic experiences', 'Schmitt Group', 'shea.conroy@hotmail.com', '(472) 469-1707', 'https://www.vance-heathcote.net:29820/?voluptatem=error&voluptatem=nesciunt#ad', 51),
	(52, 'cultivate efficient e-business', 'Hammes-Koepp', 'wilma.homenick@hotmail.com', '(730) 223-9073', 'https://www.gregg-buckridge.info:52715/adipisci?quos=delectus&veniam=cupiditate', 52),
	(53, 'matrix viral relationships', 'O\'Hara, Ernser and Tremblay', 'booker.torp@hotmail.com', '(305) 202-3602', 'https://www.oswaldo-grant.io/dignissimos/deserunt?eius=magni&voluptate=incidunt', 53),
	(54, 'engage best-of-breed models', 'Jast, Cremin and Nicolas', 'berniece.reichert@yahoo.com', '(305) 283-7438', 'https://www.chrystal-cole.net/recusandae/illo', 54),
	(55, 'enhance dynamic web-readiness', 'Wolf, Yundt and Bednar', 'young.bechtelar@hotmail.com', '(305) 200-5685', 'https://www.percy-davis.io:1428/sed/oditunde#dolores', 55),
	(56, 'benchmark virtual infrastructures', 'Hayes-Dickinson', 'christin.witting@hotmail.com', '(505) 659-0581', 'http://www.booker-dare.org:64820/eum/eveniet', 56),
	(57, 'benchmark next-generation schemas', 'Durgan-Jaskolski', 'sharonda.nitzsche@gmail.com', '(505) 833-5714', 'https://www.wilburn-jacobi.co/iusto/beatae?quas=laboriosam&cumque=expedita', 57),
	(58, 'matrix holistic e-markets', 'Carroll-White', 'deandre.prohaska@hotmail.com', '(983) 491-0378', 'https://www.susann-ziemann.com:1265/molestiae', 58),
	(59, 'evolve bricks-and-clicks deliverables', 'Treutel, Rosenbaum and Morissette', 'marco.strosin@hotmail.com', '(505) 695-6797', 'https://www.rex-auer.info/consequatur', 59),
	(60, 'innovate sticky communities', 'Kessler Inc', 'antwan.dickinson@hotmail.com', '(730) 676-9919', 'https://www.lorene-wolf.biz/autem/qui#dolorem', 60),
	(61, 'transition seamless e-business', 'Hettinger-Fisher', 'blaine.gorczany@yahoo.com', '(281) 627-2895', 'https://www.timmy-goldner.net/?atque=velit&libero=ducimus', 61),
	(62, 'recontextualize e-business methodologies', 'Kassulke-Monahan', 'jake.kertzmann@yahoo.com', '(305) 206-2041', 'https://www.cedric-prohaska.io:48965/nihil/at?inventore=consequuntur&totam=rem', 62),
	(63, 'e-enable revolutionary technologies', 'Rau-Wyman', 'lanelle.hauck@hotmail.com', '(505) 646-6860', 'https://www.rayford-johnson.io/?eaque=voluptatibus&sed=nemo', 63),
	(64, 'reinvent next-generation synergies', 'Gislason, O\'Reilly and Hills', 'sunny.zulauf@gmail.com', '(305) 233-4360', 'https://www.nannette-kilback.co:38533/fugit/nequenatus?adipisci=perspiciatis&alias=beatae', 64),
	(65, 'reinvent customized eyeballs', 'Auer-Baumbach', 'andrew.labadie@hotmail.com', '(360) 845-6433', 'http://www.nickole-lynch.io/voluptates', 65),
	(66, 'maximize killer infrastructures', 'Beier-Dach', 'broderick.bashirian@yahoo.com', '(505) 648-4269', 'https://www.rodger-hilpert.biz/', 66),
	(67, 'monetize viral supply-chains', 'Adams-Armstrong', 'glenn.bahringer@yahoo.com', '(678) 370-4860', 'http://www.elliot-jakubowski.com/?aperiam=sed&illum=corrupti', 67),
	(68, 'cultivate end-to-end ROI', 'Crona, Okuneva and Kshlerin', 'joanne.becker@gmail.com', '(203) 738-0589', 'https://www.von-mckenzie.io:44031/#possimus', 68),
	(69, 'target interactive channels', 'Bins Group', 'maurice.hyatt@yahoo.com', '(505) 644-1547', 'https://www.marvin-metz.org:32534/vitae/provident?at=harum&voluptas=vero#pariatur', 69),
	(70, 'drive open-source channels', 'Hyatt, Miller and Russel', 'ethan.hilpert@gmail.com', '(954) 392-0916', 'https://www.clement-boyle.org:10430/dignissimos/earum?quaerat=assumenda&atque=recusandae#maxime', 70),
	(71, 'strategize leading-edge mindshare', 'Barrows, Pacocha and Gulgowski', 'karrie.schaden@hotmail.com', '(472) 443-2573', 'http://www.candice-schinner.name/quisquam/corporisquo#odit', 71),
	(72, 'cultivate integrated content', 'Beahan, Wolf and Klein', 'beata.shields@yahoo.com', '(469) 512-2997', 'https://www.alessandra-wisoky.info:50709/totam/possimusasperiores', 72),
	(73, 'reintermediate wireless bandwidth', 'Gutkowski, Abernathy and Kirlin', 'felecia.schuppe@gmail.com', '(305) 204-6664', 'http://www.celesta-hand.com/#quis', 73),
	(74, 'revolutionize B2C relationships', 'Bartoletti-Okuneva', 'alberto.considine@yahoo.com', '(276) 834-8732', 'https://www.tristan-koepp.com/rem/officiis?doloribus=accusantium&eaque=ducimus', 74),
	(75, 'maximize 24/365 eyeballs', 'Gibson and Sons', 'thanh.heidenreich@gmail.com', '(218) 287-0293', 'https://www.tuan-herman.co/esse/inventoreut?unde=voluptate&id=explicabo#culpa', 75),
	(76, 'redefine out-of-the-box eyeballs', 'Cummings Group', 'chantay.blick@yahoo.com', '(678) 237-2799', 'https://www.adalberto-thompson.com/officiis/vel#numquam', 76),
	(77, 'architect revolutionary systems', 'Bogan LLC', 'haley.oconnell@gmail.com', '(865) 981-7534', 'https://www.cornell-konopelski.co/assumenda/quounde', 77),
	(78, 'e-enable efficient e-services', 'Cronin, Lueilwitz and Conroy', 'margret.botsford@yahoo.com', '(983) 814-0194', 'https://www.shani-beier.biz/hic/rerumeligendi?quia=vero&non=itaque#magnam', 78),
	(79, 'integrate granular functionalities', 'Sanford, Nitzsche and Wolf', 'emanuel.walter@gmail.com', '(307) 332-0045', 'https://www.tandy-gaylord.org/excepturi/occaecati', 79),
	(80, 'productize 24/7 functionalities', 'McKenzie and Sons', 'micah.lubowitz@hotmail.com', '(669) 313-6489', 'http://www.curtis-schmitt.org/expedita#saepe', 80),
	(81, 'reintermediate world-class portals', 'Jenkins Group', 'ellie.macgyver@yahoo.com', '(341) 656-4711', 'https://www.amie-douglas.name:14810/aut/dignissimosrepellendus?quos=rem&iste=ipsum', 81),
	(82, 'implement world-class infrastructures', 'Lindgren Inc', 'jamie.wolff@yahoo.com', '(730) 213-4657', 'http://www.dixie-davis.biz/#enim', 82),
	(83, 'target sticky portals', 'Rogahn-Pfeffer', 'janine.schroeder@hotmail.com', '(505) 646-0930', 'http://www.eartha-ernser.name/molestiae', 83),
	(84, 'e-enable out-of-the-box e-commerce', 'Leuschke-Weissnat', 'enoch.kuhlman@yahoo.com', '(305) 307-0490', 'http://www.phuong-bosco.io:18336/quod', 84),
	(85, 'synergize interactive interfaces', 'Gleichner, Anderson and Gorczany', 'david.mraz@gmail.com', '(308) 280-5199', 'http://www.johana-cruickshank.org:20468/enim/repudiandae?distinctio=quaerat&sit=rerum', 85),
	(86, 'enhance efficient e-markets', 'Braun Group', 'shayne.kuhn@hotmail.com', '(305) 244-4847', 'https://www.rhett-schultz.net:31448/necessitatibus/sequi?soluta=cum&quos=doloremque', 86),
	(87, 'innovate integrated platforms', 'Windler, Wunsch and Ortiz', 'margarite.kunze@gmail.com', '(580) 365-7913', 'https://www.rashida-yost.com/#sed', 87),
	(88, 'strategize real-time technologies', 'Bednar, Runolfsdottir and Lesch', 'alita.bogisich@hotmail.com', '(505) 646-8114', 'https://www.amy-lowe.io/magnam', 88),
	(89, 'recontextualize revolutionary initiatives', 'Graham Group', 'bud.hirthe@hotmail.com', '(636) 509-8594', 'https://www.bonny-kuhlman.com/#cupiditate', 89),
	(90, 'empower frictionless infomediaries', 'Pacocha, Okuneva and Stokes', 'bryant.hilpert@gmail.com', '(505) 620-7990', 'https://www.jordon-vandervort.biz/delectus/aperiam', 90),
	(91, 'visualize innovative architectures', 'Willms, Lynch and Barton', 'scotty.schmidt@yahoo.com', '(472) 444-1311', 'https://www.zonia-gislason.net:20361/ad/neque?dolor=at&modi=esse#velit', 91),
	(92, 'architect collaborative synergies', 'Bruen-Blick', 'curtis.gerlach@hotmail.com', '(520) 397-7343', 'https://www.ronald-dibbert.net:60592/eveniet#esse', 92),
	(93, 'maximize strategic ROI', 'Jast-Nitzsche', 'dung.mitchell@yahoo.com', '(678) 836-1355', 'https://www.narcisa-cummings.net:14785/?odio=dolorem&voluptatibus=magni', 93),
	(94, 'utilize scalable partnerships', 'Murphy-Borer', 'brad.bartell@yahoo.com', '(337) 626-2983', 'https://www.ronny-mann.com:8733/', 94),
	(95, 'leverage holistic niches', 'Huels-Erdman', 'jackie.white@hotmail.com', '(305) 207-0258', 'http://www.euna-wolff.org/occaecati/reiciendis?tenetur=aspernatur&temporibus=repudiandae#eligendi', 95),
	(96, 'optimize impactful ROI', 'Zieme-Donnelly', 'rudy.ward@gmail.com', '(472) 432-4859', 'http://www.melania-kertzmann.co:24658/expedita/amet', 96),
	(97, 'seize holistic experiences', 'Brown and Sons', 'toby.bradtke@yahoo.com', '(472) 423-3360', 'https://www.emilio-mueller.name:62020/illo/eos?soluta=blanditiis&consequuntur=cumque', 97),
	(98, 'redefine sexy systems', 'Kiehn and Sons', 'un.durgan@hotmail.com', '(730) 235-8253', 'https://www.zulma-white.biz/explicabo/debitis', 98),
	(99, 'optimize cutting-edge paradigms', 'Stark-Little', 'katia.tillman@gmail.com', '(730) 223-7508', 'https://www.rashad-spinka.name/sunt', 99);

-- Dumping structure for table works.experience
CREATE TABLE IF NOT EXISTS `experience` (
  `id` bigint(20) NOT NULL,
  `company_name` varchar(255) DEFAULT NULL,
  `from_date` date DEFAULT NULL,
  `role` varchar(255) DEFAULT NULL,
  `to_date` date DEFAULT NULL,
  `work_desc` varchar(255) DEFAULT NULL,
  `can_id` bigint(20) NOT NULL,
  PRIMARY KEY (`id`),
  KEY `FK8d5oqe0wxh52v352i04qnuady` (`can_id`),
  CONSTRAINT `FK8d5oqe0wxh52v352i04qnuady` FOREIGN KEY (`can_id`) REFERENCES `candidate` (`id`)
) ENGINE=InnoDB DEFAULT CHARSET=latin1 COLLATE=latin1_swedish_ci;

-- Dumping data for table works.experience: ~148 rows (approximately)
INSERT INTO `experience` (`id`, `company_name`, `from_date`, `role`, `to_date`, `work_desc`, `can_id`) VALUES
	(1, 'Pollich LLC', '1965-03-28', 'gardener', '1998-10-05', 'Eius id quis.', 71),
	(2, 'Sipes-Schmeler', '1981-03-27', 'lecturer', '1990-08-04', 'Dignissimos sed debitis possimus nesciunt.', 3),
	(3, 'Tromp-Deckow', '1974-02-10', 'postman', '1974-09-06', 'Ducimus cupiditate iure dicta voluptates.', 30),
	(4, 'Jast-Morissette', '1968-02-25', 'attorney', '1976-08-27', 'Aut totam dolorem natus commodi odio.', 25),
	(5, 'Yundt, Reichel and Lakin', '1966-03-27', 'gardener', '1982-03-08', 'Dolore in ullam dolores illo nemo.', 56),
	(6, 'Tillman-Harvey', '1985-01-07', 'actor', '1986-11-27', 'Architecto in tempora ipsum maiores eius itaque id.', 27),
	(7, 'Cronin-Beier', '1971-12-30', 'programmer', '1978-06-25', 'Repellendus odio sed dolore sequi cum explicabo.', 46),
	(8, 'Torp-McCullough', '1988-10-13', 'nurse', '2006-01-28', 'Officia totam magni quibusdam magni.', 90),
	(9, 'Lynch Inc', '1970-02-19', 'scientist', '1972-09-13', 'Vero aliquam amet illum facilis magnam.', 99),
	(10, 'Hayes LLC', '1986-07-29', 'banker', '2001-07-26', 'Error rem eligendi illum labore quidem assumenda.', 57),
	(11, 'Grimes, Ferry and Stamm', '1975-11-16', 'musician', '1980-06-21', 'Maiores earum nisi.', 76),
	(12, 'Lebsack-Collins', '1968-05-31', 'veterinary doctor', '1991-01-17', 'Suscipit sed nostrum.', 64),
	(13, 'Tromp-Volkman', '1982-06-01', 'web developer', '1999-07-27', 'Minima molestias repellendus quod sint perspiciatis itaque.', 16),
	(14, 'Flatley LLC', '1965-04-30', 'gardener', '1980-01-24', 'Vero totam consequuntur alias.', 80),
	(15, 'Denesik, Boyer and Greenfelder', '1967-09-10', 'veterinary doctor', '1982-03-25', 'Eum quibusdam at laudantium vel.', 86),
	(16, 'VonRueden-Fahey', '1975-07-16', 'journalist', '1985-01-20', 'Nostrum quaerat quod eaque consequuntur nulla id ratione.', 44),
	(17, 'Cormier LLC', '2000-03-21', 'firefighter', '2004-11-07', 'Fugit at enim voluptatibus.', 44),
	(18, 'Wintheiser LLC', '1980-04-23', 'librarian', '1992-03-06', 'Maxime atque dolorum.', 68),
	(19, 'Buckridge, Howe and Pfeffer', '1976-09-20', 'web developer', '1994-01-03', 'Mollitia culpa sint repudiandae.', 97),
	(20, 'Bartoletti LLC', '1983-02-16', 'travel agent', '2004-01-09', 'Omnis mollitia nesciunt cum exercitationem alias.', 80),
	(21, 'Rosenbaum LLC', '1969-05-12', 'postman', '1985-03-18', 'Exercitationem aspernatur ullam earum eveniet tenetur.', 29),
	(22, 'Maggio-Lehner', '1969-03-17', 'librarian', '1972-11-26', 'Ratione tempore pariatur saepe repudiandae asperiores aliquid fugiat.', 70),
	(23, 'Leuschke LLC', '1977-08-02', 'physicist', '2000-07-31', 'Sequi voluptatum itaque nemo recusandae perferendis voluptatem nam.', 84),
	(24, 'Parker-Wolf', '1973-02-06', 'doctor', '1996-10-29', 'Est perspiciatis vel.', 54),
	(25, 'Macejkovic, Bernier and Baumbach', '1978-11-06', 'painter', '1999-01-06', 'Quae aspernatur laudantium facere consequatur laboriosam.', 37),
	(26, 'Rosenbaum, Lockman and Gerhold', '1970-08-20', 'window cleaner', '1991-10-29', 'Sed id labore.', 33),
	(27, 'McCullough-Parker', '1966-08-09', 'attorney', '1999-05-21', 'Sequi temporibus quisquam ut hic eligendi ducimus.', 91),
	(28, 'Bayer-Balistreri', '1976-05-11', 'lifeguard', '2002-12-13', 'Explicabo quisquam soluta commodi earum.', 78),
	(29, 'Bosco LLC', '2001-08-15', 'soldier', '2002-03-20', 'Architecto ipsa a reiciendis.', 78),
	(30, 'Paucek-Schroeder', '1965-07-28', 'engineer', '1966-11-26', 'Pariatur nemo eligendi a molestias recusandae eos.', 97),
	(31, 'Haag-Abernathy', '1983-03-06', 'optician', '2006-08-01', 'Pariatur repudiandae dicta fugit ipsa ducimus neque.', 14),
	(32, 'Armstrong and Sons', '1975-05-21', 'coach', '1981-11-25', 'Voluptate quod totam impedit illo ea.', 7),
	(33, 'Durgan and Sons', '1996-12-14', 'plumber', '2001-05-28', 'Veritatis iure reprehenderit ipsam quod.', 17),
	(34, 'Jerde-Schroeder', '1988-07-01', 'taxi driver', '2000-08-21', 'Vel doloribus perspiciatis nam repellendus nam culpa.', 57),
	(35, 'Muller-Turner', '1987-12-09', 'builder', '2002-06-04', 'Rerum quae quaerat magni reiciendis harum enim.', 22),
	(36, 'Feest, Dare and Beatty', '1971-12-28', 'librarian', '1986-07-17', 'Ab dolorem corrupti architecto reprehenderit error sapiente.', 11),
	(37, 'Towne, Rau and Brekke', '1980-05-31', 'dentist', '1986-02-01', 'Dolorem iure dolor laborum quas nemo inventore.', 34),
	(38, 'Torphy, Stroman and Funk', '1994-02-06', 'agriculturist', '1997-06-18', 'Similique incidunt iusto.', 48),
	(39, 'Macejkovic, Murray and Lubowitz', '1988-03-12', 'window cleaner', '1998-04-23', 'Ullam natus iusto culpa magni minima.', 5),
	(40, 'Pouros Inc', '1985-06-04', 'banker', '1996-02-13', 'In quo quo modi suscipit nobis.', 66),
	(41, 'Feeney, Stanton and Lind', '1974-07-01', 'veterinary doctor', '2002-05-26', 'Consectetur iste nobis inventore corrupti.', 19),
	(42, 'Huels-Kling', '1965-11-05', 'mechanic', '1986-03-14', 'Aperiam minus quod eveniet repellendus provident.', 25),
	(43, 'Schultz-Pollich', '1973-03-08', 'receptionist', '1988-12-04', 'Praesentium saepe esse quidem.', 69),
	(44, 'Collins Inc', '1992-04-17', 'bartender', '2004-08-23', 'Quas perspiciatis dolore maxime corrupti praesentium.', 20),
	(45, 'Klein LLC', '1997-08-24', 'journalist', '1998-05-16', 'Tenetur voluptatibus voluptatem reiciendis molestias magni provident.', 70),
	(46, 'Turner-Borer', '1981-05-05', 'fiherman', '1997-07-02', 'Exercitationem vitae maxime consequatur quos quas iure unde.', 50),
	(47, 'Simonis, Hoeger and Zieme', '1981-03-26', 'attorney at law', '1994-01-14', 'Odio impedit eveniet necessitatibus perferendis.', 94),
	(48, 'Bednar-Sipes', '1972-07-23', 'model', '1978-03-22', 'Ipsa nostrum sit.', 17),
	(49, 'Buckridge-Kuphal', '1996-05-20', 'taxi driver', '1999-02-22', 'Ea repellat quod.', 75),
	(50, 'Nicolas, Mraz and VonRueden', '1997-11-29', 'model', '2004-06-04', 'Aut corrupti dolores praesentium maiores natus.', 28),
	(51, 'Treutel, Ryan and Nitzsche', '1981-07-24', 'shop assistant', '1999-03-17', 'Molestiae harum distinctio.', 27),
	(52, 'Welch-Torphy', '1978-01-20', 'pharmacist', '1981-12-12', 'Ratione qui animi aliquam quod voluptas.', 45),
	(53, 'Connelly, Bruen and Wintheiser', '1973-12-06', 'editor', '1999-06-22', 'Neque nemo hic et debitis impedit.', 9),
	(54, 'Bechtelar, Terry and Walter', '1968-09-12', 'model', '2001-07-12', 'Molestias hic eius.', 24),
	(55, 'Lind-Jerde', '1980-10-03', 'plumber', '1999-08-09', 'Cum ad ad natus pariatur sed delectus at.', 99),
	(56, 'Hills-Heidenreich', '1965-02-27', 'fiherman', '1980-01-05', 'Minus vitae alias molestias.', 19),
	(57, 'Durgan and Sons', '1970-02-19', 'pharmacist', '1998-06-03', 'Optio aliquam qui sit sed.', 85),
	(58, 'Wolf-Lindgren', '1993-11-16', 'farmer', '2000-12-14', 'Eaque consequuntur molestiae.', 11),
	(59, 'Bechtelar, Durgan and Murphy', '1984-09-17', 'bartender', '1998-04-03', 'Modi voluptatum possimus rem facilis sequi beatae possimus.', 99),
	(60, 'Stamm Group', '1966-09-03', 'actress', '1997-07-12', 'Fuga aspernatur cumque nobis facere a.', 99),
	(61, 'Buckridge and Sons', '1988-03-06', 'taxi driver', '1989-08-09', 'Quod eos ipsam quam perferendis sequi deleniti.', 59),
	(62, 'Wisoky-Russel', '1973-11-16', 'actor', '1985-02-25', 'Aliquid consequuntur voluptas.', 69),
	(63, 'Koch, D\'Amore and Spinka', '1975-03-08', 'dietician', '1990-11-13', 'Perspiciatis consectetur doloribus culpa adipisci porro.', 68),
	(64, 'Torphy, Weissnat and Kshlerin', '1990-03-21', 'travel agent', '2006-04-03', 'Eos omnis magnam voluptate.', 49),
	(65, 'Crona, Connelly and Boyer', '1977-02-23', 'police officer', '1996-01-25', 'Sint magnam dolore quo vero est quas.', 22),
	(66, 'Bashirian and Sons', '1972-07-19', 'accountant', '2002-07-13', 'Recusandae ad nisi magnam quibusdam dicta ab.', 56),
	(67, 'Osinski, Breitenberg and Ryan', '1980-08-30', 'librarian', '2001-12-23', 'Totam beatae laborum inventore dolore quibusdam hic natus.', 80),
	(68, 'Bogan, Hermann and Trantow', '1990-11-17', 'accountant', '1996-02-22', 'Cum iure nemo repudiandae laborum.', 85),
	(69, 'Marquardt-Rice', '1978-11-27', 'lawyer', '1979-09-22', 'Architecto blanditiis aut.', 13),
	(70, 'Collier Inc', '1971-05-19', 'chef', '1995-03-15', 'Similique iste voluptates corrupti totam.', 6),
	(71, 'Feest Group', '1969-04-01', 'postman', '1983-08-02', 'Voluptates nemo earum saepe explicabo minus voluptatum cum.', 16),
	(72, 'DuBuque Group', '1986-06-02', 'air traffic controller', '2002-03-30', 'Ad incidunt omnis unde id amet.', 10),
	(73, 'Wuckert LLC', '1976-11-19', 'builder', '1980-11-11', 'Porro sapiente pariatur pariatur praesentium eum voluptates inventore.', 77),
	(74, 'Schmeler, Price and O\'Reilly', '1987-12-21', 'web developer', '2006-09-25', 'Quibusdam totam amet tenetur sint perferendis incidunt.', 40),
	(75, 'Kreiger, Abbott and Crooks', '1973-04-05', 'postman', '1985-10-05', 'Accusamus provident quo.', 56),
	(76, 'Bayer Inc', '1970-07-22', 'veterinary doctor', '1985-10-02', 'Amet eos aliquam temporibus.', 53),
	(77, 'Zemlak LLC', '1965-10-13', 'travel agent', '1981-02-12', 'Quasi labore illum veritatis occaecati.', 14),
	(78, 'Goyette-Mohr', '1990-12-22', 'factory worker', '2005-08-31', 'Veritatis quia quaerat dolorum.', 7),
	(79, 'Ritchie-Towne', '1980-12-25', 'air traffic controller', '1982-04-12', 'Quaerat ab nobis corrupti laudantium voluptatum ex itaque.', 97),
	(80, 'Marquardt Inc', '1982-06-26', 'plumber', '1994-07-23', 'Distinctio voluptatum placeat aspernatur eos laborum.', 87),
	(81, 'Yost, Nicolas and Kreiger', '1976-07-07', 'barber', '1980-05-28', 'Ducimus tempora voluptatibus perspiciatis.', 17),
	(82, 'Daugherty-Bahringer', '1984-08-14', 'businessman', '1997-10-05', 'Sit nam modi asperiores perspiciatis quae recusandae eum.', 57),
	(83, 'Morissette LLC', '1983-08-23', 'window cleaner', '2001-09-05', 'Quas consequatur ducimus autem mollitia autem est.', 65),
	(84, 'Rolfson, Murray and McClure', '1991-02-18', 'nurse', '2005-05-01', 'Corrupti excepturi fugiat tempora eum eligendi.', 80),
	(85, 'Spinka-Botsford', '1986-05-09', 'police officer', '1988-02-07', 'Cumque at optio atque iste aperiam tempora.', 19),
	(86, 'Graham LLC', '1967-11-20', 'shop assistant', '2000-03-15', 'Libero explicabo aut rem.', 89),
	(87, 'Fritsch Inc', '1967-03-08', 'hairdresser', '1971-03-09', 'Et eveniet nulla tenetur.', 82),
	(88, 'Schoen, West and Ortiz', '1973-03-20', 'teacher', '2001-09-12', 'Deleniti repellendus ratione aliquid quia quae.', 60),
	(89, 'Balistreri, Morissette and Anderson', '1971-07-05', 'translator', '1995-02-09', 'In ab quibusdam provident magni.', 68),
	(90, 'Kunze, Larkin and Schroeder', '1987-06-28', 'banker', '2002-10-23', 'Reiciendis ducimus occaecati omnis.', 16),
	(91, 'Bruen Group', '1993-04-22', 'model', '2005-11-19', 'Totam odit recusandae libero exercitationem.', 86),
	(92, 'Mayert-Zboncak', '1968-02-26', 'builder', '1992-09-07', 'Recusandae eos quas rerum culpa.', 15),
	(93, 'Kerluke Group', '1978-12-31', 'veterinary doctor', '1989-07-19', 'Perspiciatis ea dolorum dolores in alias.', 93),
	(94, 'McDermott-Brakus', '1967-03-30', 'traffic warden', '1976-08-26', 'Magni et repudiandae earum doloremque voluptatem.', 32),
	(95, 'Littel, Kunde and Johnson', '1965-03-13', 'receptionist', '1991-02-28', 'Aspernatur aliquam aliquam.', 9),
	(96, 'Denesik and Sons', '1984-02-19', 'firefighter', '2003-11-20', 'Reiciendis voluptate incidunt voluptatum neque.', 92),
	(97, 'Waelchi-Hodkiewicz', '1969-03-07', 'musician', '1983-12-15', 'Asperiores quibusdam neque labore nam.', 50),
	(98, 'Treutel Group', '1991-12-31', 'agriculturist', '1994-05-22', 'Excepturi debitis error unde quia occaecati laudantium esse.', 57),
	(99, 'Crooks, Jones and Cole', '1971-05-04', 'programmer', '1981-01-20', 'Quae autem sequi.', 33),
	(100, 'Christiansen, O\'Conner and Schaden', '1966-12-19', 'traffic warden', '1981-11-24', 'Nemo recusandae dolorum commodi magni odit nam.', 49),
	(101, 'Kohler LLC', '1966-12-13', 'electrician', '2003-05-17', 'Rerum vero quos error.', 63),
	(102, 'Lind LLC', '1987-12-27', 'window cleaner', '2001-04-10', 'Accusantium non quisquam.', 59),
	(103, 'Zemlak, Howe and Bergnaum', '1969-02-03', 'pilot', '1991-12-24', 'Reiciendis cumque delectus voluptatibus.', 42),
	(104, 'Mueller-Legros', '1981-03-25', 'soldier', '1998-12-31', 'Aut sint non rerum eveniet.', 72),
	(105, 'Hickle, Dare and Kuhic', '1966-01-08', 'chemist', '2002-02-04', 'Ducimus modi et suscipit libero.', 35),
	(106, 'Kunde Inc', '1997-04-12', 'advocate', '1999-09-08', 'Repudiandae eos a nisi hic natus.', 75),
	(107, 'Purdy LLC', '1970-01-27', 'nurse', '1979-02-12', 'Eius nam et illum autem.', 82),
	(108, 'Bergnaum, Frami and Hane', '1998-07-28', 'web developer', '2002-09-28', 'Minus excepturi esse quidem consequatur.', 52),
	(109, 'Mann-Wilkinson', '1967-03-11', 'soldier', '1999-12-01', 'Aliquid quaerat nihil totam sed facere.', 83),
	(110, 'Schuster Group', '1974-05-26', 'veterinary doctor', '2006-02-28', 'Temporibus nam ut eius autem asperiores eum aliquam.', 73),
	(111, 'Murray and Sons', '1966-09-22', 'taxi driver', '1973-11-12', 'Eligendi illum odio maiores.', 18),
	(112, 'Cole-Grant', '1990-01-13', 'biologist', '1999-03-11', 'Voluptates porro magnam sit amet doloremque.', 84),
	(113, 'Wilkinson Group', '1980-08-18', 'engineer', '1988-10-09', 'Hic illum blanditiis ut voluptatem optio asperiores.', 66),
	(114, 'Weimann-Kuphal', '1992-05-30', 'window cleaner', '2006-08-28', 'Rem tenetur beatae tenetur architecto.', 99),
	(115, 'Simonis, Larson and Kuhic', '1982-06-04', 'chemist', '1982-11-23', 'Quod odio nulla omnis quidem sed ab.', 82),
	(116, 'Anderson Group', '1974-12-27', 'farmer', '1996-02-16', 'Ex quisquam corrupti voluptates earum illo ea.', 79),
	(117, 'Balistreri and Sons', '1969-09-04', 'dentist', '1985-12-12', 'Soluta iusto error error.', 96),
	(118, 'O\'Connell LLC', '1982-01-27', 'lifeguard', '1982-08-26', 'Pariatur ad nesciunt atque voluptatem cumque totam nemo.', 70),
	(119, 'Heaney, Cruickshank and Morissette', '1970-06-05', 'coach', '1981-07-06', 'A ratione eos consequatur aliquam aliquam.', 46),
	(120, 'Roberts, Collier and Schmeler', '1986-06-09', 'butcher', '1999-06-04', 'Nulla consequatur cupiditate delectus.', 9),
	(121, 'Bauch LLC', '1966-12-02', 'barber', '1988-07-14', 'Dolorem ducimus saepe sunt quasi sequi dolores totam.', 86),
	(122, 'Zieme Inc', '1993-04-02', 'photographer', '1998-02-07', 'Blanditiis quia est magni.', 52),
	(123, 'White-Oberbrunner', '1968-11-30', 'firefighter', '1973-07-13', 'Accusantium aperiam quam beatae recusandae distinctio asperiores quod.', 24),
	(124, 'Kohler LLC', '1973-09-06', 'tailor', '1978-11-01', 'Doloremque atque est commodi alias debitis.', 24),
	(125, 'Considine-Greenholt', '1971-05-25', 'photographer', '1991-11-02', 'Aut commodi in eaque molestias.', 29),
	(126, 'Bailey and Sons', '1973-07-23', 'soldier', '1976-04-01', 'Facilis quis vel.', 26),
	(127, 'Donnelly Inc', '1974-05-23', 'factory worker', '1976-12-11', 'Modi sed neque.', 2),
	(128, 'O\'Keefe-O\'Connell', '1966-05-21', 'painter', '1977-07-13', 'Incidunt error optio repellat sapiente omnis ea.', 27),
	(129, 'Kunde and Sons', '1971-04-15', 'engineer', '2001-09-18', 'Consequuntur id nihil nisi.', 83),
	(130, 'McClure, Rodriguez and Connelly', '1994-04-30', 'carpenter', '2001-01-07', 'Cupiditate dignissimos nam expedita atque.', 92),
	(131, 'Bayer, Lubowitz and Rohan', '1987-08-21', 'lecturer', '1992-09-07', 'Nesciunt odit consectetur.', 89),
	(133, 'Block-Considine', '1970-10-12', 'journalist', '1998-12-16', 'Dicta quasi ullam voluptate esse fugit.', 9),
	(134, 'Sauer-Harvey', '1966-12-20', 'economist', '1978-12-29', 'Ea inventore vel.', 76),
	(135, 'Schulist-Doyle', '1989-06-04', 'writer', '1996-10-09', 'Quaerat provident molestiae in consequuntur recusandae.', 50),
	(136, 'Labadie-Cruickshank', '1993-11-15', 'teacher', '1997-11-13', 'Odio dolore error ea.', 42),
	(137, 'Rohan-Lind', '1985-01-26', 'electrician', '1986-04-30', 'Dignissimos ut dolores excepturi veniam veniam.', 24),
	(138, 'Fritsch LLC', '1982-09-05', 'banker', '2005-04-10', 'Culpa porro sequi doloremque est veritatis voluptatum.', 96),
	(139, 'Renner, Auer and Hackett', '1983-09-15', 'programmer', '2002-07-30', 'Ea autem aut ea ullam officiis.', 39),
	(140, 'Boyer and Sons', '1982-11-06', 'barber', '1993-08-07', 'Consequatur ipsam perferendis assumenda.', 62),
	(141, 'Nader-Carter', '1983-04-10', 'air traffic controller', '1990-03-25', 'Saepe minus quaerat.', 10),
	(142, 'Abernathy LLC', '1966-06-05', 'farmer', '1987-05-21', 'Quam libero facere praesentium tempora officia temporibus.', 72),
	(143, 'Luettgen, Gerlach and Schuppe', '1981-11-05', 'lecturer', '1983-09-06', 'Molestias exercitationem modi deserunt minima sint.', 32),
	(144, 'Wisozk and Sons', '1993-12-21', 'cashier', '1995-09-27', 'Possimus voluptatibus tempore autem soluta voluptate beatae illum.', 3),
	(145, 'Mraz-Cummings', '1984-01-14', 'statistician', '1997-04-12', 'Molestiae sit aliquid sint quia voluptatum.', 41),
	(146, 'West, Medhurst and Schmeler', '1966-12-13', 'chef', '2000-12-12', 'Nostrum voluptates saepe voluptate unde mollitia aut.', 60),
	(147, 'Kuhic, Corkery and Kertzmann', '1972-11-02', 'bartender', '1998-10-28', 'Eius molestias incidunt possimus porro.', 11),
	(148, 'Daniel-Howell', '1966-06-17', 'banker', '1996-03-13', 'Alias cum hic quo.', 94),
	(149, 'Ratke Group', '1992-03-19', 'builder', '1993-11-05', 'Quaerat tempore excepturi odio facilis deleniti.', 68);

-- Dumping structure for table works.job
CREATE TABLE IF NOT EXISTS `job` (
  `job_id` bigint(20) NOT NULL AUTO_INCREMENT,
  `job_desc` varchar(2000) NOT NULL,
  `job_name` varchar(255) NOT NULL,
  `company` bigint(20) DEFAULT NULL,
  PRIMARY KEY (`job_id`),
  KEY `FKbaqlvluu78phmo9ld89um7wnm` (`company`),
  CONSTRAINT `FKbaqlvluu78phmo9ld89um7wnm` FOREIGN KEY (`company`) REFERENCES `company` (`comp_id`)
) ENGINE=InnoDB AUTO_INCREMENT=199 DEFAULT CHARSET=latin1 COLLATE=latin1_swedish_ci;

-- Dumping data for table works.job: ~198 rows (approximately)
INSERT INTO `job` (`job_id`, `job_desc`, `job_name`, `company`) VALUES
	(1, 'Amet magnam consequuntur nobis.', 'Agent', 7),
	(2, 'Libero nobis cum odit neque repudiandae.', 'Facilitator', 53),
	(3, 'Aperiam impedit et.', 'Facilitator', 26),
	(4, 'Deserunt a inventore iure suscipit ipsa debitis.', 'Specialist', 27),
	(5, 'Iusto in voluptas earum quia.', 'Analyst', 19),
	(6, 'Vero asperiores repudiandae.', 'Orchestrator', 55),
	(7, 'Similique distinctio nisi excepturi.', 'Administrator', 27),
	(8, 'Eligendi magni illo illum.', 'Executive', 20),
	(9, 'Debitis debitis dicta eaque error.', 'Coordinator', 26),
	(10, 'Sapiente doloribus aspernatur nam.', 'Engineer', 9),
	(11, 'Hic harum praesentium placeat sed necessitatibus autem accusamus.', 'Executive', 60),
	(12, 'Illo libero nulla voluptatibus eius.', 'Specialist', 24),
	(13, 'Dignissimos provident libero ut iure sed accusantium.', 'Strategist', 38),
	(14, 'Dicta fugiat laudantium quae amet a.', 'Executive', 64),
	(15, 'Soluta labore ipsum aliquid dolorem sint ut.', 'Supervisor', 79),
	(16, 'Asperiores aspernatur tempore similique tempore dolor distinctio sit.', 'Supervisor', 37),
	(17, 'Necessitatibus suscipit repellendus iste ut totam aliquid.', 'Executive', 10),
	(18, 'Iste nemo totam ducimus accusamus fugit.', 'Coordinator', 98),
	(19, 'Distinctio minus iusto delectus.', 'Agent', 76),
	(20, 'Corrupti ratione perspiciatis.', 'Agent', 53),
	(21, 'Et exercitationem vitae.', 'Designer', 73),
	(22, 'Assumenda at necessitatibus rerum soluta placeat commodi saepe.', 'Planner', 60),
	(23, 'Enim est itaque.', 'Executive', 17),
	(24, 'Assumenda nobis excepturi placeat esse repellendus dolore.', 'Associate', 21),
	(25, 'Nobis voluptas quaerat.', 'Engineer', 83),
	(26, 'Quam ipsa voluptas maiores doloribus eveniet a.', 'Architect', 35),
	(27, 'Adipisci impedit eos doloremque nulla facere fugiat autem.', 'Strategist', 56),
	(28, 'Ea error illo ratione explicabo.', 'Officer', 18),
	(29, 'Nisi consequuntur consequuntur voluptas dignissimos.', 'Officer', 51),
	(30, 'Incidunt dolorum aut.', 'Orchestrator', 52),
	(31, 'Quod illo mollitia.', 'Manager', 51),
	(32, 'Labore porro quam quaerat.', 'Administrator', 77),
	(33, 'Placeat autem corporis cupiditate maxime.', 'Orchestrator', 81),
	(34, 'A suscipit fuga magnam eos repellat molestiae neque.', 'Engineer', 59),
	(35, 'Mollitia totam dolores veritatis impedit.', 'Architect', 17),
	(36, 'Similique vero repudiandae odio.', 'Developer', 95),
	(37, 'Exercitationem aliquam optio repellat corporis perferendis a ex.', 'Specialist', 90),
	(38, 'Ipsa atque quis aliquam dolore autem autem facere.', 'Officer', 49),
	(39, 'Nobis esse eos.', 'Agent', 63),
	(40, 'Ipsum accusamus deleniti necessitatibus reiciendis consequatur fuga quam.', 'Analyst', 13),
	(41, 'Esse similique repellat deleniti quas dolores magnam non.', 'Facilitator', 66),
	(42, 'Inventore repellat aut.', 'Administrator', 87),
	(43, 'Facere non voluptatibus facilis.', 'Strategist', 50),
	(44, 'Vero corporis pariatur magnam.', 'Producer', 84),
	(45, 'Molestiae magni maiores voluptatibus fuga sit harum tempora.', 'Analyst', 18),
	(46, 'Incidunt consectetur reprehenderit quos.', 'Executive', 34),
	(47, 'Quas adipisci ducimus debitis nemo provident temporibus.', 'Agent', 76),
	(48, 'Ratione laudantium voluptatum maxime.', 'Analyst', 71),
	(49, 'Harum ab doloribus delectus nihil.', 'Planner', 54),
	(50, 'Voluptate recusandae commodi vero.', 'Associate', 84),
	(51, 'Nesciunt officiis atque nobis quasi deleniti quos.', 'Developer', 98),
	(52, 'Ut cumque enim corporis molestiae dignissimos.', 'Assistant', 98),
	(53, 'Repellat dolore magnam fugiat quos.', 'Technician', 70),
	(54, 'Sunt corrupti iste nihil natus quam corporis aliquam.', 'Technician', 75),
	(55, 'Maiores culpa similique asperiores odit doloribus.', 'Manager', 17),
	(56, 'Harum sequi est.', 'Supervisor', 44),
	(57, 'Fuga magni autem ipsum dolore deserunt sint.', 'Consultant', 45),
	(58, 'Dolorum natus voluptate perspiciatis dicta.', 'Planner', 57),
	(59, 'Exercitationem minima dolorem optio sit non quos praesentium.', 'Supervisor', 84),
	(60, 'Ad occaecati incidunt natus hic veritatis molestias enim.', 'Developer', 18),
	(61, 'Voluptas numquam nisi.', 'Developer', 19),
	(62, 'Eligendi excepturi repellat maxime totam modi.', 'Producer', 62),
	(63, 'Odio dolorem ullam ipsa repudiandae iusto.', 'Officer', 51),
	(64, 'Ab sit sint iusto laboriosam porro rem.', 'Assistant', 97),
	(65, 'Consequatur architecto beatae tenetur sint ab quos.', 'Strategist', 47),
	(66, 'Consequuntur nisi rem.', 'Producer', 42),
	(67, 'Reiciendis aut nisi sit minima ab quisquam.', 'Designer', 25),
	(68, 'Culpa veritatis sit ex earum architecto ducimus nihil.', 'Agent', 43),
	(69, 'Occaecati facilis expedita unde.', 'Assistant', 18),
	(70, 'Sit sequi perspiciatis libero molestiae.', 'Planner', 27),
	(71, 'Voluptatem repellendus assumenda minima non.', 'Coordinator', 94),
	(72, 'Perspiciatis necessitatibus voluptatem praesentium voluptates at voluptatibus qui.', 'Orchestrator', 63),
	(73, 'Excepturi sequi earum nulla cupiditate ratione alias eos.', 'Manager', 76),
	(74, 'Aliquid nihil architecto assumenda placeat.', 'Orchestrator', 15),
	(75, 'Voluptate dolore nesciunt.', 'Producer', 62),
	(76, 'Nostrum ea earum iste enim iusto dolores.', 'Assistant', 19),
	(77, 'Officia aliquam deleniti occaecati.', 'Strategist', 38),
	(78, 'Ullam modi hic dignissimos hic placeat.', 'Developer', 41),
	(79, 'Adipisci modi tempora culpa fuga aut sequi sit.', 'Facilitator', 78),
	(80, 'Eveniet reprehenderit eius voluptatibus deserunt.', 'Orchestrator', 99),
	(81, 'Cumque tenetur numquam quo eveniet.', 'Coordinator', 32),
	(82, 'Omnis quis tempore.', 'Consultant', 4),
	(83, 'Tempore sint blanditiis rerum ea aperiam assumenda.', 'Consultant', 23),
	(84, 'A animi at quod rem reiciendis sit.', 'Planner', 98),
	(85, 'Eius mollitia sed.', 'Engineer', 73),
	(86, 'Amet fuga dolorem commodi.', 'Engineer', 32),
	(87, 'Sequi a porro eius dolorum inventore nam nihil.', 'Architect', 32),
	(88, 'Quam necessitatibus fugit velit dignissimos.', 'Representative', 77),
	(89, 'Neque tempora ipsam.', 'Administrator', 10),
	(90, 'Alias a necessitatibus dicta explicabo minus eum.', 'Architect', 97),
	(91, 'Ea doloribus quisquam doloribus voluptate sed nam.', 'Developer', 55),
	(92, 'Ipsam natus ipsam incidunt sequi quis reprehenderit asperiores.', 'Officer', 25),
	(93, 'Provident iure soluta maiores sint et unde.', 'Producer', 14),
	(94, 'Iure voluptatem qui deleniti ducimus.', 'Producer', 26),
	(95, 'Totam veniam blanditiis.', 'Liaison', 72),
	(96, 'Aliquam incidunt est perferendis.', 'Orchestrator', 75),
	(97, 'Nemo quisquam quaerat reprehenderit molestiae.', 'Administrator', 30),
	(98, 'Possimus pariatur sapiente quis dolorem quod dicta eos.', 'Planner', 31),
	(99, 'Perferendis perspiciatis ullam adipisci error incidunt.', 'Analyst', 92),
	(100, 'Doloremque voluptatum odit facilis numquam facere mollitia doloremque.', 'Specialist', 51),
	(101, 'Perspiciatis ex facilis.', 'Administrator', 11),
	(102, 'Eos rem non facere necessitatibus assumenda.', 'Facilitator', 39),
	(103, 'Cum similique praesentium quo necessitatibus harum placeat.', 'Manager', 35),
	(104, 'Molestias accusamus voluptatum eius eveniet nemo nesciunt reiciendis.', 'Planner', 74),
	(105, 'In debitis exercitationem id non dignissimos quae.', 'Officer', 20),
	(106, 'Deleniti corrupti quam nihil voluptatibus.', 'Developer', 70),
	(107, 'Adipisci aliquid asperiores maiores voluptas atque.', 'Representative', 36),
	(108, 'Delectus possimus suscipit incidunt voluptatibus nemo fugiat minus.', 'Technician', 57),
	(109, 'Id aperiam cumque unde laborum animi.', 'Strategist', 56),
	(110, 'Mollitia ex dolorum voluptate voluptatum vel.', 'Officer', 76),
	(111, 'Dolor cupiditate ipsam accusantium recusandae dolorum.', 'Architect', 92),
	(112, 'Nam libero ratione.', 'Specialist', 34),
	(113, 'Numquam facilis beatae nesciunt excepturi ipsa.', 'Facilitator', 6),
	(114, 'Exercitationem unde iste nam officiis.', 'Technician', 97),
	(115, 'Autem suscipit quos.', 'Supervisor', 83),
	(116, 'Praesentium expedita quos dolores vitae itaque deserunt fugit.', 'Officer', 71),
	(117, 'Voluptates totam dolorem esse numquam laboriosam consectetur.', 'Consultant', 41),
	(118, 'Ea asperiores consequatur ipsum amet ea.', 'Associate', 66),
	(119, 'Repellat officia quam ipsam.', 'Engineer', 8),
	(120, 'Ducimus vel commodi.', 'Associate', 10),
	(121, 'Quibusdam labore aliquam quam.', 'Orchestrator', 93),
	(122, 'Sint tempore blanditiis nam ullam velit esse vel.', 'Liaison', 96),
	(123, 'Est vero assumenda reiciendis.', 'Specialist', 40),
	(124, 'Esse fuga ipsam mollitia.', 'Orchestrator', 49),
	(125, 'Eveniet beatae id itaque rerum sequi deleniti sunt.', 'Analyst', 99),
	(126, 'Velit voluptatibus cum sint velit officiis earum.', 'Director', 2),
	(127, 'Ea consequatur eius fugit sapiente.', 'Liaison', 99),
	(128, 'Itaque dolores itaque ullam.', 'Designer', 37),
	(129, 'Minima quibusdam dolorum tempora maiores id eos.', 'Designer', 33),
	(130, 'Mollitia praesentium ut vel ducimus dicta.', 'Consultant', 59),
	(131, 'Veniam dolore explicabo dolore asperiores.', 'Manager', 7),
	(132, 'Rerum aliquam culpa rerum aliquid.', 'Associate', 82),
	(133, 'Excepturi sapiente minima.', 'Technician', 26),
	(134, 'Mollitia quibusdam dolor doloribus rem debitis.', 'Strategist', 15),
	(135, 'Eum iste pariatur consequuntur perspiciatis distinctio necessitatibus.', 'Agent', 35),
	(136, 'Ullam quasi ipsam officia numquam explicabo nesciunt blanditiis.', 'Associate', 80),
	(137, 'Quae adipisci odit a facere aliquid aperiam.', 'Technician', 14),
	(138, 'Voluptate ea unde asperiores enim ipsa consequatur qui.', 'Agent', 55),
	(139, 'Itaque neque quasi id.', 'Director', 13),
	(140, 'Aut rem officia consectetur sit doloribus quas.', 'Producer', 82),
	(141, 'Dignissimos laboriosam pariatur neque pariatur iste deleniti.', 'Facilitator', 81),
	(142, 'Possimus dolores dolor.', 'Engineer', 70),
	(143, 'Omnis fugiat necessitatibus ad sunt dolor dolores repellat.', 'Executive', 67),
	(144, 'Numquam tenetur dicta aspernatur soluta dicta aliquid.', 'Analyst', 16),
	(145, 'Explicabo natus labore vitae eaque facilis.', 'Architect', 52),
	(146, 'Nostrum non aspernatur iure similique.', 'Coordinator', 31),
	(147, 'Soluta voluptas consequuntur.', 'Planner', 41),
	(148, 'Magnam commodi porro vel libero natus.', 'Specialist', 41),
	(149, 'Dicta magni expedita cumque sunt dolorum ad aut.', 'Technician', 9),
	(150, 'Minima temporibus cumque sunt accusantium.', 'Coordinator', 99),
	(151, 'Atque alias perspiciatis.', 'Coordinator', 71),
	(152, 'Distinctio consequuntur consequuntur consectetur blanditiis corrupti commodi modi.', 'Designer', 49),
	(153, 'Ab praesentium eos nisi.', 'Assistant', 26),
	(154, 'Voluptatum dolore quisquam ipsam repellat.', 'Liaison', 85),
	(155, 'Ut harum eveniet dolores libero vitae.', 'Director', 75),
	(156, 'Sequi ab expedita a labore vero nemo sequi.', 'Officer', 4),
	(157, 'Rem cumque recusandae necessitatibus explicabo deserunt perferendis qui.', 'Analyst', 61),
	(158, 'Ad similique cupiditate sunt cum.', 'Administrator', 37),
	(159, 'Similique molestias repellat facere.', 'Producer', 58),
	(160, 'Eveniet in provident voluptates.', 'Director', 85),
	(161, 'At mollitia omnis earum consequuntur.', 'Facilitator', 12),
	(162, 'Veniam fugit fugit.', 'Orchestrator', 71),
	(163, 'Illum praesentium blanditiis illum aliquid nam dicta.', 'Executive', 13),
	(164, 'Corporis odit unde ipsam aut provident neque.', 'Representative', 66),
	(165, 'Natus dolores saepe dolore.', 'Architect', 81),
	(166, 'Suscipit quis sunt.', 'Orchestrator', 3),
	(167, 'Nostrum vero molestias.', 'Orchestrator', 43),
	(168, 'Ut beatae dignissimos sint corporis quo.', 'Producer', 89),
	(169, 'Eaque velit natus aspernatur voluptate quisquam.', 'Director', 54),
	(170, 'Qui vitae hic illo quibusdam aperiam.', 'Liaison', 73),
	(171, 'Aliquid omnis repudiandae eveniet at cum.', 'Executive', 76),
	(172, 'Quasi placeat rerum.', 'Facilitator', 11),
	(173, 'Excepturi sunt repellat vitae enim sunt.', 'Designer', 4),
	(174, 'Aliquid quo hic doloremque autem ipsam sunt veniam.', 'Engineer', 84),
	(175, 'Labore corrupti deleniti iusto.', 'Consultant', 45),
	(176, 'Cumque blanditiis rem cupiditate optio voluptatum eligendi.', 'Consultant', 49),
	(177, 'Quis molestias consequatur deserunt reiciendis doloremque mollitia.', 'Analyst', 56),
	(178, 'Qui dolore nemo delectus iste.', 'Facilitator', 27),
	(179, 'Ex voluptatibus aut quo.', 'Representative', 25),
	(180, 'Consequatur possimus quam esse beatae nam asperiores corrupti.', 'Associate', 5),
	(181, 'Maiores saepe velit porro autem consequuntur reiciendis sit.', 'Agent', 1),
	(182, 'Veritatis voluptates mollitia fugiat.', 'Associate', 6),
	(183, 'Eius qui qui suscipit deleniti.', 'Officer', 48),
	(184, 'Debitis ad quidem delectus perferendis et.', 'Manager', 6),
	(185, 'Minus quia reprehenderit dolorem minima.', 'Developer', 27),
	(186, 'Impedit voluptates praesentium aliquid.', 'Coordinator', 23),
	(187, 'Natus quae perspiciatis minima aut vero.', 'Officer', 90),
	(188, 'Necessitatibus dolor commodi dignissimos magni quasi.', 'Architect', 2),
	(189, 'Consequatur eos numquam illum molestiae.', 'Administrator', 29),
	(190, 'Vitae libero libero.', 'Orchestrator', 39),
	(191, 'Eligendi cupiditate dolorum.', 'Executive', 60),
	(192, 'Aperiam assumenda mollitia occaecati.', 'Coordinator', 3),
	(193, 'Unde iure natus provident quae.', 'Director', 43),
	(194, 'Ab excepturi delectus neque.', 'Representative', 17),
	(195, 'Veritatis doloremque dignissimos ipsa molestiae molestiae quis.', 'Producer', 14),
	(196, 'Consequuntur corporis voluptatum deleniti praesentium ut blanditiis consequatur.', 'Designer', 4),
	(197, 'Quos dolor aliquam soluta asperiores sunt blanditiis.', 'Strategist', 98),
	(198, 'Quisquam accusantium suscipit fuga temporibus placeat esse autem.', 'Developer', 14);

-- Dumping structure for table works.job_skill
CREATE TABLE IF NOT EXISTS `job_skill` (
  `more_infos` varchar(1000) DEFAULT NULL,
  `skill_level` enum('ADVANCED','BEGINER','IMTERMEDIATE','MASTER','PROFESSIONAL') NOT NULL,
  `job_id` bigint(20) NOT NULL,
  `skill_id` bigint(20) NOT NULL,
  PRIMARY KEY (`job_id`,`skill_id`),
  KEY `FKj33qbbf3vk1lvhqpcosnh54u1` (`skill_id`),
  CONSTRAINT `FK9ix4wg520ii2gu2felxdhdup6` FOREIGN KEY (`job_id`) REFERENCES `job` (`job_id`),
  CONSTRAINT `FKj33qbbf3vk1lvhqpcosnh54u1` FOREIGN KEY (`skill_id`) REFERENCES `skill` (`skill_id`)
) ENGINE=InnoDB DEFAULT CHARSET=latin1 COLLATE=latin1_swedish_ci;

-- Dumping data for table works.job_skill: ~244 rows (approximately)
INSERT INTO `job_skill` (`more_infos`, `skill_level`, `job_id`, `skill_id`) VALUES
	('Quidem beatae nihil dicta ex nisi odio.', 'PROFESSIONAL', 1, 7),
	('Nemo saepe aperiam quis.', 'ADVANCED', 1, 33),
	('Reprehenderit facilis ad fugit accusantium ab at.', 'BEGINER', 2, 32),
	('Ratione officia facilis enim aspernatur.', 'IMTERMEDIATE', 2, 39),
	('Quasi inventore vel cupiditate recusandae ipsum.', 'BEGINER', 2, 42),
	('Tempore vero libero fugiat molestiae.', 'BEGINER', 2, 45),
	('Aut cupiditate natus suscipit est nostrum incidunt.', 'ADVANCED', 3, 17),
	('Sit quia ducimus impedit.', 'ADVANCED', 3, 44),
	('Natus voluptate assumenda distinctio atque corporis.', 'MASTER', 3, 46),
	('Voluptatem cum nisi qui nulla dignissimos.', 'IMTERMEDIATE', 4, 15),
	('Delectus autem blanditiis tempora cupiditate.', 'PROFESSIONAL', 4, 31),
	('Unde nihil non esse consequuntur.', 'MASTER', 5, 21),
	('Dicta fuga eius quidem iste iure perferendis magni.', 'PROFESSIONAL', 5, 30),
	('Molestiae possimus quasi.', 'PROFESSIONAL', 6, 28),
	('At sunt atque nemo veritatis.', 'MASTER', 6, 46),
	('Quibusdam non maxime nam impedit dolor sequi ea.', 'MASTER', 8, 8),
	('Expedita ea quia cumque ratione.', 'BEGINER', 8, 34),
	('Explicabo deleniti laborum.', 'MASTER', 8, 43),
	('Voluptate fugit doloremque.', 'IMTERMEDIATE', 9, 25),
	('Vel sapiente quia modi eaque.', 'IMTERMEDIATE', 9, 47),
	('Cupiditate ipsa corporis nostrum maxime.', 'PROFESSIONAL', 10, 43),
	('Magnam consectetur quod libero.', 'IMTERMEDIATE', 11, 1),
	('Voluptas repellendus recusandae at asperiores.', 'PROFESSIONAL', 11, 10),
	('Omnis sint molestiae temporibus possimus.', 'MASTER', 11, 26),
	('Earum suscipit quas voluptas perspiciatis quod omnis.', 'IMTERMEDIATE', 11, 49),
	('Ullam minus voluptatibus architecto corporis.', 'BEGINER', 12, 14),
	('Quos laborum dignissimos alias at eligendi.', 'ADVANCED', 14, 11),
	('Dolores tenetur fuga laborum sed eius.', 'IMTERMEDIATE', 14, 43),
	('Amet doloribus eius temporibus.', 'MASTER', 15, 10),
	('Praesentium quae commodi voluptas possimus at.', 'IMTERMEDIATE', 15, 19),
	('Occaecati rerum dolores alias exercitationem.', 'MASTER', 15, 25),
	('Illo quaerat cupiditate itaque mollitia.', 'MASTER', 15, 39),
	('Quia nam exercitationem ab.', 'MASTER', 16, 30),
	('Dolore sunt vero quam ad.', 'ADVANCED', 17, 10),
	('Explicabo sunt vel possimus.', 'ADVANCED', 18, 6),
	('Eveniet reiciendis atque atque perferendis deserunt.', 'IMTERMEDIATE', 19, 9),
	('Ratione labore deleniti neque quod similique quasi accusamus.', 'BEGINER', 19, 43),
	('Eveniet in voluptas natus veritatis quod nesciunt.', 'ADVANCED', 19, 44),
	('Odit blanditiis quas possimus eum sunt.', 'ADVANCED', 20, 40),
	('Eos veniam nisi accusamus mollitia iste.', 'PROFESSIONAL', 21, 6),
	('Blanditiis vero expedita aut accusantium.', 'BEGINER', 21, 36),
	('Facere quae omnis fugit vel ipsam impedit.', 'PROFESSIONAL', 22, 24),
	('Consectetur est ipsum voluptatibus.', 'IMTERMEDIATE', 22, 29),
	('Asperiores sed amet adipisci.', 'ADVANCED', 23, 3),
	('Aliquid veniam deleniti voluptatem cumque architecto in.', 'PROFESSIONAL', 23, 36),
	('Sit quasi facilis nostrum voluptatem maiores dolorem.', 'PROFESSIONAL', 24, 8),
	('Accusamus nemo omnis perferendis ratione libero.', 'MASTER', 25, 11),
	('Velit quaerat excepturi minima.', 'IMTERMEDIATE', 25, 29),
	('Quisquam provident sit labore enim.', 'IMTERMEDIATE', 26, 33),
	('Dolorem facilis aut consequatur optio vero voluptates.', 'IMTERMEDIATE', 26, 47),
	('Aliquid beatae nemo nemo.', 'ADVANCED', 28, 49),
	('Ipsa eveniet corrupti id ipsa soluta ut.', 'PROFESSIONAL', 29, 10),
	('Voluptatum eveniet accusamus molestias saepe reprehenderit.', 'BEGINER', 31, 4),
	('Iste repudiandae voluptatum eum quaerat vitae nostrum laborum.', 'BEGINER', 31, 17),
	('Doloribus voluptatem voluptatem laborum cum minus voluptas.', 'ADVANCED', 31, 34),
	('Recusandae reprehenderit veritatis dolor repellat.', 'ADVANCED', 31, 36),
	('Id ratione quaerat.', 'IMTERMEDIATE', 32, 40),
	('Quaerat iste enim aliquam distinctio adipisci suscipit quia.', 'ADVANCED', 34, 11),
	('Assumenda nobis corrupti ipsa sint doloremque adipisci.', 'PROFESSIONAL', 34, 20),
	('At ea aspernatur corporis minima laboriosam minus.', 'ADVANCED', 36, 10),
	('Dolorem adipisci laboriosam quo.', 'BEGINER', 38, 8),
	('Minima dignissimos ad quasi.', 'ADVANCED', 38, 39),
	('Numquam quos sed vel rem repellat.', 'BEGINER', 40, 24),
	('Aliquam neque tenetur dicta cum omnis cupiditate.', 'ADVANCED', 40, 45),
	('Alias dignissimos libero quaerat sequi.', 'BEGINER', 44, 1),
	('Fugiat necessitatibus officiis.', 'ADVANCED', 44, 10),
	('Ducimus unde facilis tempore atque autem excepturi eveniet.', 'MASTER', 45, 43),
	('Earum non culpa commodi unde animi.', 'ADVANCED', 46, 18),
	('Veritatis illo nam.', 'MASTER', 46, 26),
	('Vitae impedit sint rem.', 'ADVANCED', 47, 9),
	('Eius voluptatem velit qui.', 'PROFESSIONAL', 47, 14),
	('Quisquam recusandae quaerat aut praesentium iste numquam.', 'ADVANCED', 51, 34),
	('Recusandae est et rem vitae repudiandae.', 'MASTER', 52, 5),
	('Quis tenetur inventore.', 'ADVANCED', 53, 24),
	('Asperiores rerum illo blanditiis aperiam autem provident.', 'IMTERMEDIATE', 55, 32),
	('Saepe unde nam necessitatibus.', 'IMTERMEDIATE', 56, 30),
	('Harum nesciunt eum vero.', 'MASTER', 57, 47),
	('Accusantium ratione reprehenderit veritatis praesentium voluptas.', 'BEGINER', 58, 43),
	('Reprehenderit odit aliquid maiores harum eligendi hic quaerat.', 'IMTERMEDIATE', 59, 14),
	('Temporibus explicabo at at.', 'MASTER', 60, 26),
	('Nam doloremque labore.', 'PROFESSIONAL', 62, 13),
	('Atque est repellat labore molestias voluptatum alias voluptate.', 'ADVANCED', 62, 25),
	('Libero exercitationem aspernatur quis ab exercitationem explicabo iste.', 'PROFESSIONAL', 62, 40),
	('Ipsam tenetur amet unde amet.', 'MASTER', 62, 48),
	('Facere asperiores deleniti quas ipsa eos dolorem eaque.', 'MASTER', 63, 44),
	('Fuga harum ut soluta.', 'BEGINER', 64, 44),
	('Quod possimus magni amet libero cum officia ad.', 'BEGINER', 65, 4),
	('Labore voluptatem pariatur nisi in reprehenderit maxime.', 'IMTERMEDIATE', 65, 27),
	('Eum magnam est placeat ea.', 'MASTER', 67, 30),
	('In aperiam omnis ipsa eum saepe.', 'PROFESSIONAL', 68, 25),
	('Quos unde facilis tenetur tempore voluptatem nobis repellat.', 'ADVANCED', 68, 34),
	('Laborum consectetur eum itaque.', 'ADVANCED', 70, 38),
	('Rem velit odit rerum.', 'IMTERMEDIATE', 71, 46),
	('Ut magni quos.', 'IMTERMEDIATE', 72, 16),
	('Labore dicta distinctio temporibus aliquam unde deleniti.', 'IMTERMEDIATE', 74, 15),
	('Itaque fuga molestias suscipit voluptas provident odit.', 'IMTERMEDIATE', 75, 3),
	('Adipisci sit provident fugit.', 'PROFESSIONAL', 76, 4),
	('Voluptas ea voluptatum sint commodi et ipsam.', 'MASTER', 76, 35),
	('Quod aperiam odio voluptatum dicta blanditiis perferendis perspiciatis.', 'BEGINER', 78, 4),
	('Ea nesciunt odit eaque eligendi quo voluptas.', 'BEGINER', 78, 8),
	('Modi adipisci ea repellat magni cupiditate odio consequuntur.', 'PROFESSIONAL', 79, 37),
	('Accusamus illo deserunt.', 'BEGINER', 80, 37),
	('Esse aperiam cum voluptatum delectus ratione omnis officiis.', 'IMTERMEDIATE', 82, 13),
	('Cumque beatae veritatis corporis accusantium vitae.', 'PROFESSIONAL', 84, 6),
	('Incidunt officia deserunt dolorem cupiditate qui labore.', 'ADVANCED', 86, 8),
	('Doloremque praesentium eius quis perspiciatis quas.', 'PROFESSIONAL', 87, 46),
	('Aliquam praesentium odit est reprehenderit tempore.', 'MASTER', 88, 21),
	('Nobis optio doloremque odio.', 'MASTER', 88, 23),
	('Autem magnam nisi.', 'BEGINER', 91, 9),
	('Ratione excepturi ipsam voluptates.', 'IMTERMEDIATE', 91, 37),
	('Eveniet fugit quaerat consequatur nesciunt nam quidem possimus.', 'MASTER', 91, 38),
	('Voluptates eum id cupiditate voluptatibus soluta.', 'ADVANCED', 91, 40),
	('Sapiente aliquid adipisci dolore commodi eius tempora.', 'BEGINER', 93, 5),
	('Minima maiores debitis voluptates quidem error.', 'MASTER', 93, 28),
	('Numquam nostrum corporis officia accusamus voluptates repudiandae.', 'ADVANCED', 95, 13),
	('Recusandae provident adipisci omnis ad accusamus similique.', 'ADVANCED', 96, 36),
	('Accusamus amet earum.', 'ADVANCED', 99, 44),
	('Praesentium ea molestias ipsam voluptatum ipsam ullam voluptatem.', 'PROFESSIONAL', 99, 47),
	('A a aspernatur.', 'IMTERMEDIATE', 100, 25),
	('Atque sint incidunt pariatur molestiae placeat dolore.', 'MASTER', 101, 14),
	('Voluptatibus ex illum nemo.', 'ADVANCED', 101, 46),
	('Et quos adipisci nobis.', 'IMTERMEDIATE', 102, 16),
	('Quas sed deleniti id quisquam ut omnis.', 'PROFESSIONAL', 102, 28),
	('Fuga totam ipsam aperiam voluptatum.', 'MASTER', 102, 30),
	('Iusto porro maxime impedit repellat cum perferendis laborum.', 'PROFESSIONAL', 102, 39),
	('Quisquam dolorem deserunt commodi alias illum dolor aspernatur.', 'ADVANCED', 105, 9),
	('Dolore cum ipsam dolorem eligendi eum.', 'ADVANCED', 107, 26),
	('Quisquam consequuntur ab qui id voluptatibus.', 'IMTERMEDIATE', 107, 38),
	('Eum commodi ad saepe corporis error aspernatur.', 'PROFESSIONAL', 108, 46),
	('Id iusto blanditiis fugit velit recusandae beatae.', 'MASTER', 110, 25),
	('Quasi porro cumque animi fugit dicta voluptatem beatae.', 'MASTER', 110, 40),
	('Fuga nulla explicabo quod.', 'BEGINER', 111, 14),
	('Cupiditate esse ipsa.', 'ADVANCED', 111, 18),
	('Vero natus dignissimos rerum quisquam.', 'ADVANCED', 111, 48),
	('Temporibus consectetur tenetur.', 'BEGINER', 115, 17),
	('Dolorem dolorem provident aspernatur sequi dignissimos.', 'IMTERMEDIATE', 115, 29),
	('Impedit inventore quisquam expedita numquam.', 'MASTER', 115, 32),
	('Temporibus expedita reprehenderit harum.', 'ADVANCED', 116, 7),
	('Animi quasi eius dolor nemo debitis laudantium.', 'MASTER', 116, 14),
	('At nulla aperiam expedita ad.', 'IMTERMEDIATE', 116, 35),
	('Qui voluptatem facilis illum architecto.', 'ADVANCED', 117, 40),
	('Quos esse quas.', 'PROFESSIONAL', 118, 15),
	('Commodi ab quis exercitationem.', 'IMTERMEDIATE', 119, 20),
	('Minus dolorum atque ratione atque.', 'BEGINER', 120, 9),
	('Perspiciatis soluta at libero rerum id labore consequuntur.', 'PROFESSIONAL', 120, 40),
	('Architecto totam delectus rem ipsum impedit.', 'IMTERMEDIATE', 121, 5),
	('Quas voluptatem suscipit porro dicta occaecati consectetur quae.', 'ADVANCED', 122, 19),
	('A provident nobis.', 'BEGINER', 123, 26),
	('Alias velit harum iure quisquam nulla ab.', 'IMTERMEDIATE', 123, 30),
	('Id mollitia ex.', 'MASTER', 124, 40),
	('Repudiandae quisquam illum voluptatem.', 'IMTERMEDIATE', 128, 48),
	('Quia temporibus ratione sunt nostrum est aperiam iste.', 'IMTERMEDIATE', 129, 11),
	('Illo dolorem veniam dignissimos adipisci maiores exercitationem.', 'BEGINER', 129, 41),
	('In ad consequatur earum in omnis quas.', 'PROFESSIONAL', 131, 26),
	('Numquam eum perferendis animi id soluta harum.', 'ADVANCED', 131, 40),
	('Dolores pariatur adipisci ea.', 'PROFESSIONAL', 132, 48),
	('Dignissimos eaque dolorum.', 'PROFESSIONAL', 133, 8),
	('Tempore similique beatae doloremque vero perspiciatis asperiores.', 'BEGINER', 133, 45),
	('Velit ullam deleniti exercitationem at ipsa incidunt.', 'ADVANCED', 134, 34),
	('Eveniet nihil officiis vitae.', 'BEGINER', 135, 3),
	('At aliquam impedit cupiditate nesciunt ullam doloribus dolore.', 'MASTER', 135, 20),
	('Quae nisi quos aliquid.', 'ADVANCED', 136, 5),
	('Consectetur deserunt repellendus.', 'MASTER', 136, 31),
	('Aperiam occaecati aspernatur aliquid dolore harum perferendis magni.', 'PROFESSIONAL', 137, 33),
	('Architecto eveniet totam deleniti nulla fugiat quidem.', 'PROFESSIONAL', 139, 4),
	('Sit autem laboriosam recusandae asperiores illum.', 'BEGINER', 139, 18),
	('Minima dolores commodi.', 'ADVANCED', 139, 40),
	('Recusandae provident vero sed eligendi atque aperiam.', 'PROFESSIONAL', 140, 25),
	('Magni quo mollitia ut.', 'IMTERMEDIATE', 141, 24),
	('Eum esse occaecati reprehenderit id soluta.', 'IMTERMEDIATE', 141, 29),
	('Exercitationem iste laboriosam.', 'PROFESSIONAL', 141, 45),
	('Doloribus et eum consequatur id.', 'IMTERMEDIATE', 142, 17),
	('Quia earum corrupti magnam ducimus veniam.', 'PROFESSIONAL', 142, 25),
	('Magnam vitae odit sint sed id praesentium dignissimos.', 'ADVANCED', 144, 7),
	('Fugiat tempore illo veritatis dolore natus perferendis optio.', 'PROFESSIONAL', 146, 8),
	('Totam eligendi alias commodi.', 'MASTER', 148, 28),
	('Quidem ea consequatur fugit ex quibusdam voluptates maxime.', 'BEGINER', 148, 46),
	('Delectus quia molestiae atque iure sint cupiditate.', 'IMTERMEDIATE', 149, 6),
	('Corrupti natus quaerat.', 'PROFESSIONAL', 150, 33),
	('Quia sint illo doloribus officiis beatae.', 'PROFESSIONAL', 151, 40),
	('Eum possimus eveniet dolorem laudantium.', 'BEGINER', 153, 9),
	('Exercitationem nihil deleniti illo quod quas repellendus.', 'IMTERMEDIATE', 153, 39),
	('Est sequi tempora optio expedita cum suscipit vero.', 'BEGINER', 153, 48),
	('Quo velit vel dolor.', 'MASTER', 154, 34),
	('Tempore culpa similique.', 'PROFESSIONAL', 156, 24),
	('Esse nemo accusamus amet quos.', 'PROFESSIONAL', 159, 16),
	('Voluptas neque blanditiis repellat provident impedit.', 'PROFESSIONAL', 159, 39),
	('Modi nisi totam porro sed doloribus at excepturi.', 'BEGINER', 160, 9),
	('Sequi quasi maxime sit voluptates.', 'IMTERMEDIATE', 161, 41),
	('Ipsum illo cumque consequuntur veniam odit asperiores quasi.', 'PROFESSIONAL', 162, 1),
	('Modi cupiditate ducimus quidem sit sapiente placeat.', 'PROFESSIONAL', 162, 42),
	('Velit laudantium eligendi explicabo nesciunt id quidem.', 'ADVANCED', 162, 49),
	('Modi reiciendis aliquam quibusdam dolorem ea.', 'BEGINER', 163, 22),
	('Aut accusamus vitae vel necessitatibus mollitia beatae.', 'IMTERMEDIATE', 163, 31),
	('Eius error aspernatur consequatur nihil vitae.', 'IMTERMEDIATE', 165, 6),
	('Perspiciatis eaque quis dignissimos perspiciatis magnam a laboriosam.', 'MASTER', 165, 18),
	('Eveniet deserunt rem dignissimos iusto culpa temporibus.', 'IMTERMEDIATE', 167, 22),
	('Enim explicabo consectetur aut.', 'BEGINER', 167, 23),
	('Eius soluta ullam dicta dolorem omnis.', 'ADVANCED', 169, 2),
	('Omnis eum inventore et ipsum eos aut quibusdam.', 'PROFESSIONAL', 169, 37),
	('Rerum neque numquam dignissimos.', 'IMTERMEDIATE', 169, 44),
	('Ex assumenda neque perferendis perspiciatis totam explicabo inventore.', 'IMTERMEDIATE', 171, 17),
	('Incidunt rerum eos voluptates vel modi optio repellendus.', 'MASTER', 172, 28),
	('Asperiores adipisci tempora.', 'IMTERMEDIATE', 172, 40),
	('Facilis unde cupiditate quis itaque illum quidem.', 'PROFESSIONAL', 175, 28),
	('Dolorem neque placeat maiores rem nesciunt fuga officiis.', 'ADVANCED', 175, 41),
	('Consectetur illo odio.', 'ADVANCED', 175, 47),
	('Aliquid labore officiis rem voluptatum omnis.', 'PROFESSIONAL', 176, 36),
	('Corporis unde eaque ea necessitatibus fugit laboriosam.', 'BEGINER', 178, 2),
	('Labore vitae qui modi eligendi itaque.', 'MASTER', 178, 7),
	('Ex sint corrupti veniam.', 'PROFESSIONAL', 178, 22),
	('Quod quisquam amet illo qui nisi repudiandae recusandae.', 'IMTERMEDIATE', 178, 36),
	('Mollitia dolorum sint necessitatibus rerum officia voluptatum.', 'PROFESSIONAL', 178, 49),
	('Nam nihil cupiditate.', 'MASTER', 179, 11),
	('Fugiat qui in nulla.', 'MASTER', 179, 15),
	('Dolor eius at nesciunt quos fugit.', 'PROFESSIONAL', 179, 25),
	('Nemo incidunt error dolores pariatur.', 'PROFESSIONAL', 179, 40),
	('Natus ipsa dignissimos.', 'PROFESSIONAL', 182, 39),
	('A voluptate deserunt hic esse.', 'PROFESSIONAL', 184, 6),
	('Quam dolore assumenda.', 'IMTERMEDIATE', 184, 40),
	('Repellendus aspernatur ducimus facilis totam iure.', 'MASTER', 185, 18),
	('Ipsam aperiam non itaque id.', 'ADVANCED', 185, 39),
	('Voluptas asperiores inventore.', 'PROFESSIONAL', 186, 49),
	('Soluta temporibus illo.', 'MASTER', 187, 10),
	('Vero expedita occaecati.', 'BEGINER', 187, 47),
	('Dolor facilis tenetur distinctio facilis atque facilis.', 'BEGINER', 188, 6),
	('Consectetur consequatur saepe iste veritatis impedit totam voluptate.', 'BEGINER', 188, 7),
	('Mollitia labore perferendis at dolores voluptatem laudantium debitis.', 'BEGINER', 189, 6),
	('Doloremque inventore blanditiis id tenetur quisquam eveniet illum.', 'BEGINER', 189, 11),
	('Repudiandae vero inventore minus aliquam laudantium.', 'ADVANCED', 191, 3),
	('Consectetur reprehenderit at.', 'BEGINER', 191, 30),
	('Dolor hic deleniti.', 'IMTERMEDIATE', 192, 6),
	('Iusto dignissimos vel eaque quo totam.', 'PROFESSIONAL', 192, 16),
	('Dolorum consectetur eos repellendus doloribus ipsum.', 'PROFESSIONAL', 192, 28),
	('Animi voluptates voluptatem.', 'PROFESSIONAL', 192, 35),
	('Magni ab quae.', 'IMTERMEDIATE', 193, 34),
	('Libero saepe delectus aspernatur error quas fugiat reiciendis.', 'PROFESSIONAL', 194, 10),
	('Quia nisi natus hic hic impedit.', 'BEGINER', 194, 14),
	('Excepturi architecto aperiam a provident quaerat.', 'MASTER', 195, 4),
	('Vitae odio reprehenderit quae.', 'BEGINER', 195, 7),
	('Illum aspernatur non dolorem minima.', 'IMTERMEDIATE', 195, 17),
	('Nam quae odio.', 'MASTER', 195, 26),
	('Doloremque harum aliquid.', 'IMTERMEDIATE', 196, 34),
	('Earum porro fugiat.', 'PROFESSIONAL', 197, 11);

-- Dumping structure for table works.skill
CREATE TABLE IF NOT EXISTS `skill` (
  `skill_id` bigint(20) NOT NULL AUTO_INCREMENT,
  `skill_description` varchar(255) DEFAULT NULL,
  `skill_name` varchar(255) DEFAULT NULL,
  `type` enum('SOFT_SKILL','TECHNICAL_SKILL','UNSPECIFIC') DEFAULT NULL,
  PRIMARY KEY (`skill_id`)
) ENGINE=InnoDB AUTO_INCREMENT=50 DEFAULT CHARSET=latin1 COLLATE=latin1_swedish_ci;

-- Dumping data for table works.skill: ~49 rows (approximately)
INSERT INTO `skill` (`skill_id`, `skill_description`, `skill_name`, `type`) VALUES
	(1, 'Nihil iure in amet facere.', 'THX', 'UNSPECIFIC'),
	(2, 'Eveniet numquam cum tempora eos nulla.', 'USB', 'TECHNICAL_SKILL'),
	(3, 'Dolores deserunt vero amet saepe dolorum eaque doloribus.', 'RAM', 'UNSPECIFIC'),
	(4, 'Consequatur distinctio veritatis illum provident similique consectetur.', 'SMTP', 'TECHNICAL_SKILL'),
	(5, 'Cupiditate officia consequatur magnam.', 'HDD', 'UNSPECIFIC'),
	(6, 'Dolorem laborum in qui et laboriosam corrupti ipsa.', 'FTP', 'SOFT_SKILL'),
	(7, 'Impedit quasi suscipit sint hic corporis provident.', 'GB', 'UNSPECIFIC'),
	(8, 'Perferendis eius voluptas dolorem.', 'AGP', 'TECHNICAL_SKILL'),
	(9, 'Ut voluptatum nesciunt eos iusto.', 'RAM', 'UNSPECIFIC'),
	(10, 'Praesentium minus est labore sequi nobis.', 'HTTP', 'SOFT_SKILL'),
	(11, 'Distinctio eos omnis fugit sunt earum.', 'SQL', 'TECHNICAL_SKILL'),
	(12, 'Commodi voluptatem cum animi consequuntur officia.', 'IB', 'UNSPECIFIC'),
	(13, 'Corporis mollitia quae iusto ut.', 'GB', 'SOFT_SKILL'),
	(14, 'Quam blanditiis numquam eius porro earum.', 'HTTP', 'UNSPECIFIC'),
	(15, 'Ratione nobis laborum similique doloremque unde.', 'JBOD', 'TECHNICAL_SKILL'),
	(16, 'Nesciunt consequuntur provident nostrum maxime.', 'AGP', 'SOFT_SKILL'),
	(17, 'Adipisci ducimus ea impedit architecto illum eligendi ipsa.', 'USB', 'TECHNICAL_SKILL'),
	(18, 'Labore nam occaecati culpa dolorem accusamus numquam optio.', 'PCI', 'TECHNICAL_SKILL'),
	(19, 'Hic tempore quos ex cum.', 'SMTP', 'SOFT_SKILL'),
	(20, 'Saepe in soluta recusandae non voluptatum ullam expedita.', 'JSON', 'SOFT_SKILL'),
	(21, 'Totam explicabo pariatur.', 'PCI', 'SOFT_SKILL'),
	(22, 'Esse molestiae nemo laboriosam pariatur.', 'SQL', 'TECHNICAL_SKILL'),
	(23, 'Odio quo assumenda deleniti cum unde recusandae.', 'PNG', 'SOFT_SKILL'),
	(24, 'Sint itaque repellendus a tempora consequatur ab tenetur.', 'GB', 'TECHNICAL_SKILL'),
	(25, 'Eligendi eaque tenetur saepe veniam ducimus quisquam.', 'ADP', 'UNSPECIFIC'),
	(26, 'Quia odio qui tempora.', 'THX', 'TECHNICAL_SKILL'),
	(27, 'Incidunt recusandae veritatis quis ea molestias tempore nostrum.', 'HDD', 'SOFT_SKILL'),
	(28, 'Delectus quam qui laudantium tenetur quisquam impedit quam.', 'XSS', 'TECHNICAL_SKILL'),
	(29, 'Explicabo possimus possimus tenetur.', 'GB', 'TECHNICAL_SKILL'),
	(30, 'Consectetur animi reiciendis atque.', 'CSS', 'SOFT_SKILL'),
	(31, 'Nulla omnis quaerat a dolorem maiores.', 'XSS', 'TECHNICAL_SKILL'),
	(32, 'Amet quis deleniti nesciunt similique incidunt temporibus iusto.', 'ADP', 'TECHNICAL_SKILL'),
	(33, 'Sit eius quisquam quo a molestias cumque quibusdam.', 'PNG', 'UNSPECIFIC'),
	(34, 'Dolorem quae ipsum.', 'SQL', 'SOFT_SKILL'),
	(35, 'Illum quo dicta.', 'FTP', 'TECHNICAL_SKILL'),
	(36, 'Eius delectus totam minima provident.', 'TCP', 'TECHNICAL_SKILL'),
	(37, 'Praesentium quasi quae repudiandae.', 'SCSI', 'SOFT_SKILL'),
	(38, 'Temporibus ducimus ipsum adipisci incidunt minima.', 'SSL', 'TECHNICAL_SKILL'),
	(39, 'Perspiciatis nihil eius excepturi distinctio.', 'USB', 'TECHNICAL_SKILL'),
	(40, 'Possimus quam illum autem occaecati.', 'HTTP', 'SOFT_SKILL'),
	(41, 'Reiciendis cumque sed libero possimus explicabo sed.', 'ADP', 'SOFT_SKILL'),
	(42, 'Fugit sequi mollitia delectus necessitatibus.', 'CSS', 'SOFT_SKILL'),
	(43, 'Sit quidem sit nobis.', 'SQL', 'TECHNICAL_SKILL'),
	(44, 'Aperiam molestias dolorum.', 'TCP', 'TECHNICAL_SKILL'),
	(45, 'Eligendi architecto ratione.', 'SAS', 'SOFT_SKILL'),
	(46, 'Consequuntur quisquam laborum dolores dolorem quis.', 'SQL', 'SOFT_SKILL'),
	(47, 'Asperiores veritatis numquam.', 'JSON', 'SOFT_SKILL'),
	(48, 'Officiis fugiat quidem fugit possimus asperiores alias possimus.', 'SMTP', 'SOFT_SKILL'),
	(49, 'Sequi qui illo dolores porro.', 'JBOD', 'SOFT_SKILL');

/*!40103 SET TIME_ZONE=IFNULL(@OLD_TIME_ZONE, 'system') */;
/*!40101 SET SQL_MODE=IFNULL(@OLD_SQL_MODE, '') */;
/*!40014 SET FOREIGN_KEY_CHECKS=IFNULL(@OLD_FOREIGN_KEY_CHECKS, 1) */;
/*!40101 SET CHARACTER_SET_CLIENT=@OLD_CHARACTER_SET_CLIENT */;
/*!40111 SET SQL_NOTES=IFNULL(@OLD_SQL_NOTES, 1) */;
